Country,Sport,Men,Women,Total
Afghanistan,Athletics,1,1,2
Afghanistan,Cycling,0,2,2
Afghanistan,Judo,1,0,1
Afghanistan,Swimming,1,0,1
Albania,Athletics,1,1,2
Albania,Shooting,0,1,1
Albania,Swimming,1,1,2
Albania,Wrestling,3,0,3
Algeria,Athletics,7,1,8
Algeria,Badminton,1,1,2
Algeria,Boxing,2,3,5
Algeria,Canoeing,0,1,1
Algeria,Cycling,1,1,2
Algeria,Fencing,1,3,4
Algeria,Gymnastics,0,1,1
Algeria,Judo,2,1,3
Algeria,Rowing,1,1,2
Algeria,Sailing,1,0,1
Algeria,Shooting,2,1,3
Algeria,Swimming,1,1,2
Algeria,Table tennis,1,1,2
Algeria,Weightlifting,1,0,1
Algeria,Wrestling,6,2,8
American Samoa,Athletics,0,1,1
American Samoa,Swimming,1,0,1
Andorra,Athletics,1,0,1
Andorra,Canoeing,0,1,1
Angola,Athletics,1,0,1
Angola,Canoeing,2,0,2
Angola,Handball,0,14,14
Angola,Judo,1,0,1
Angola,Rowing,1,0,1
Angola,Sailing,2,1,3
Angola,Swimming,1,1,2
Antigua and Barbuda,Athletics,1,1,2
Antigua and Barbuda,Sailing,1,0,1
Antigua and Barbuda,Swimming,1,1,2
Argentina,Archery,1,0,1
Argentina,Athletics,3,3,6
Argentina,Canoeing,1,1,2
Argentina,Cycling,3,0,3
Argentina,Equestrian,1,0,1
Argentina,Fencing,1,0,1
Argentina,Field hockey,16,16,32
Argentina,Football,18,0,18
Argentina,Golf,2,0,2
Argentina,Handball,14,0,14
Argentina,Judo,0,1,1
Argentina,Modern pentathlon,1,0,1
Argentina,Rowing,2,2,4
Argentina,Rugby sevens,12,0,12
Argentina,Sailing,3,4,7
Argentina,Shooting,2,1,3
Argentina,Skateboarding,2,0,2
Argentina,Swimming,1,2,3
Argentina,Table tennis,1,0,1
Argentina,Taekwondo,1,0,1
Argentina,Tennis,6,2,8
Argentina,Triathlon,0,1,1
Argentina,Volleyball,12,0,12
Armenia,Athletics,1,0,1
Armenia,Boxing,1,0,1
Armenia,Gymnastics,2,0,2
Armenia,Shooting,0,1,1
Armenia,Swimming,1,1,2
Armenia,Weightlifting,3,0,3
Armenia,Wrestling,5,0,5
Aruba,Cycling,0,1,1
Aruba,Sailing,2,0,2
Aruba,Shooting,1,0,1
Aruba,Swimming,1,1,2
Australia,Archery,1,1,2
Australia,Artistic swimming,0,8,8
Australia,Athletics,34,41,75
Australia,Badminton,0,3,3
Australia,Basketball,12,16,28
Australia,Boxing,6,6,12
Australia,Breaking,1,1,2
Australia,Canoeing,9,7,16
Australia,Cycling,12,13,25
Australia,Diving,5,6,11
Australia,Equestrian,5,4,9
Australia,Field hockey,16,16,32
Australia,Football,0,19,19
Australia,Golf,2,2,4
Australia,Gymnastics,1,11,12
Australia,Judo,1,2,3
Australia,Modern pentathlon,0,1,1
Australia,Rowing,14,21,35
Australia,Rugby sevens,12,12,24
Australia,Sailing,6,6,12
Australia,Shooting,6,4,10
Australia,Skateboarding,4,5,9
Australia,Sport Climbing,1,1,2
Australia,Surfing,2,2,4
Australia,Swimming,23,21,44
Australia,Table tennis,3,3,6
Australia,Taekwondo,2,1,3
Australia,Tennis,5,4,9
Australia,Triathlon,2,2,4
Australia,Volleyball,4,2,6
Australia,Water polo,13,13,26
Australia,Weightlifting,1,2,3
Australia,Wrestling,2,0,2
Austria,Archery,0,1,1
Austria,Artistic swimming,0,2,2
Austria,Athletics,4,3,7
Austria,Badminton,1,0,1
Austria,Canoeing,1,2,3
Austria,Cycling,5,4,9
Austria,Diving,1,0,1
Austria,Equestrian,5,3,8
Austria,Golf,1,2,3
Austria,Gymnastics,1,1,2
Austria,Judo,3,3,6
Austria,Rowing,0,3,3
Austria,Sailing,5,4,9
Austria,Shooting,3,2,5
Austria,Sport climbing,1,1,2
Austria,Swimming,5,0,5
Austria,Table tennis,1,1,2
Austria,Taekwondo,0,1,1
Austria,Tennis,1,1,2
Austria,Triathlon,2,2,4
Austria,Volleyball,2,0,2
Azerbaijan,Archery,0,1,1
Azerbaijan,Athletics,0,1,1
Azerbaijan,Badminton,1,1,2
Azerbaijan,Basketball,0,4,4
Azerbaijan,Boxing,5,0,5
Azerbaijan,Fencing,0,1,1
Azerbaijan,Gymnastics,0,7,7
Azerbaijan,Judo,7,2,9
Azerbaijan,Rowing,0,1,1
Azerbaijan,Shooting,1,0,1
Azerbaijan,Swimming,1,1,2
Azerbaijan,Taekwondo,1,0,1
Azerbaijan,Triathlon,1,0,1
Azerbaijan,Wrestling,11,1,12
Bahamas,Athletics,9,7,16
Bahamas,Swimming,1,1,2
Bahrain,Athletics,1,6,7
Bahrain,Judo,1,0,1
Bahrain,Swimming,1,1,2
Bahrain,Weightlifting,2,0,2
Bahrain,Wrestling,1,0,1
Bangladesh,Archery,1,0,1
Bangladesh,Athletics,1,0,1
Bangladesh,Shooting,1,0,1
Bangladesh,Swimming,1,1,2
Barbados,Athletics,0,2,2
Barbados,Swimming,1,0,1
Barbados,Triathlon,1,0,1
Belgium,Athletics,24,20,43
Belgium,Badminton,1,1,2
Belgium,Basketball,0,12,12
Belgium,Boxing,2,1,3
Belgium,Canoeing,1,2,3
Belgium,Cycling,11,10,21
Belgium,Equestrian,4,5,9
Belgium,Fencing,1,0,1
Belgium,Field hockey,16,16,32
Belgium,Golf,2,1,3
Belgium,Gymnastics,3,2,5
Belgium,Judo,3,1,4
Belgium,Rowing,3,0,3
Belgium,Sailing,4,4,8
Belgium,Sport climbing,1,0,1
Belgium,Swimming,1,3,4
Belgium,Table tennis,2,0,2
Belgium,Taekwondo,0,1,1
Belgium,Tennis,3,0,3
Belgium,Triathlon,2,2,4
Belgium,Weightlifting,0,1,1
Belize,Athletics,1,0,1
Benin,Athletics,1,1,2
Benin,Judo,1,0,1
Benin,Swimming,1,1,2
Bermuda,Athletics,1,0,1
Bermuda,Rowing,1,0,1
Bermuda,Sailing,0,1,1
Bermuda,Swimming,1,1,2
Bermuda,Triathlon,1,2,3
Bhutan,Archery,1,0,1
Bhutan,Athletics,0,1,1
Bhutan,Swimming,1,0,1
Bolivia,Athletics,1,1,2
Bolivia,Swimming,1,1,2
Bosnia and Herzegovina,Athletics,1,0,1
Bosnia and Herzegovina,Judo,0,2,2
Bosnia and Herzegovina,Swimming,1,1,2
Botswana,Athletics,8,1,9
Botswana,Swimming,1,1,2
Brazil,Archery,1,1,2
Brazil,Athletics,24,20,44
Brazil,Badminton,1,1,2
Brazil,Basketball,12,0,12
Brazil,Boxing,5,5,10
Brazil,Canoeing,5,3,8
Brazil,Cycling,3,3,6
Brazil,Diving,0,1,1
Brazil,Equestrian,7,0,7
Brazil,Fencing,1,2,3
Brazil,Football,0,18,18
Brazil,Gymnastics,3,12,15
Brazil,Handball,0,14,14
Brazil,Judo,7,6,13
Brazil,Modern pentathlon,0,1,1
Brazil,Rowing,1,1,2
Brazil,Rugby sevens,0,12,12
Brazil,Sailing,7,5,12
Brazil,Shooting,1,2,3
Brazil,Skateboarding,6,6,12
Brazil,Surfing,3,3,6
Brazil,Swimming,11,9,20
Brazil,Table tennis,3,3,6
Brazil,Taekwondo,2,2,4
Brazil,Tennis,2,3,5
Brazil,Triathlon,2,2,4
Brazil,Volleyball,16,16,32
Brazil,Weightlifting,0,2,2
Brazil,Wrestling,0,1,1
British Virgin Islands,Athletics,2,1,3
British Virgin Islands,Sailing,1,0,1
Brunei,Athletics,1,0,1
Brunei,Swimming,1,1,2
Bulgaria,Athletics,2,3,5
Bulgaria,Badminton,0,3,3
Bulgaria,Boxing,3,2,5
Bulgaria,Canoeing,0,1,1
Bulgaria,Fencing,0,1,1
Bulgaria,Gymnastics,1,8,9
Bulgaria,Judo,2,0,2
Bulgaria,Modern pentathlon,1,0,1
Bulgaria,Rowing,1,1,2
Bulgaria,Shooting,1,1,2
Bulgaria,Swimming,3,1,4
Bulgaria,Taekwondo,0,1,1
Bulgaria,Tennis,0,1,1
Bulgaria,Weightlifting,3,0,3
Bulgaria,Wrestling,4,2,6
Burkina Faso,Athletics,1,1,2
Burkina Faso,Cycling,0,1,1
Burkina Faso,Judo,1,0,1
Burkina Faso,Swimming,1,1,2
Burkina Faso,Taekwondo,2,0,2
Burundi,Athletics,3,1,4
Burundi,Judo,0,1,1
Burundi,Swimming,1,1,2
Cambodia,Athletics,1,0,1
Cambodia,Swimming,1,1,2
Cameroon,Athletics,1,1,2
Cameroon,Judo,0,1,1
Cameroon,Swimming,1,1,2
Cameroon,Table tennis,0,1,1
Canada,Archery,1,1,2
Canada,Artistic Swimming,0,8,8
Canada,Athletics,22,26,48
Canada,Badminton,3,1,4
Canada,Basketball,12,16,28
Canada,Boxing,1,1,2
Canada,Breaking,1,0,1
Canada,Canoeing,6,9,15
Canada,Cycling,11,11,22
Canada,Diving,2,3,5
Canada,Equestrian,4,5,9
Canada,Fencing,7,5,12
Canada,Football(soccer),0,18,18
Canada,Golf,2,2,4
Canada,Gymnastics,5,6,11
Canada,Judo,3,4,7
Canada,Rowing,0,11,11
Canada,Rugby sevens,0,12,12
Canada,Sailing,2,4,6
Canada,Shooting,2,1,3
Canada,Skateboarding,3,1,4
Canada,Surfing,0,1,1
Canada,Swimming,12,17,29
Canada,Table tennis,3,1,4
Canada,Taekwondo,0,2,2
Canada,Tennis,2,3,5
Canada,Triathlon,2,1,3
Canada,Volleyball,14,4,18
Canada,Water Polo,0,13,13
Canada,Weightlifting,1,1,2
Canada,Wrestling,2,4,6
Cape Verde,Athletics,1,0,1
Cape Verde,Boxing,1,1,2
Cape Verde,Fencing,1,0,1
Cape Verde,Judo,0,1,1
Cape Verde,Swimming,1,1,2
Cayman Islands,Athletics,1,0,1
Cayman Islands,Sailing,0,1,1
Cayman Islands,Swimming,1,1,2
Central African Republic,Athletics,1,0,1
Central African Republic,Judo,0,1,1
Central African Republic,Swimming,1,1,2
Chad,Archery,1,0,1
Chad,Athletics,1,0,1
Chad,Judo,0,1,1
Chile,Archery,1,0,1
Chile,Athletics,6,3,9
Chile,Canoeing,0,3,3
Chile,Cycling,2,2,4
Chile,Equestrian,1,0,1
Chile,Fencing,0,1,1
Chile,Golf,2,0,2
Chile,Judo,1,1,2
Chile,Modern pentathlon,1,0,1
Chile,Rowing,2,2,4
Chile,Sailing,1,1,2
Chile,Shooting,1,1,2
Chile,Swimming,1,1,2
Chile,Table tennis,1,2,3
Chile,Taekwondo,1,1,2
Chile,Tennis,3,0,3
Chile,Triathlon,2,0,2
Chile,Volleyball,2,0,2
Chile,Wrestling,2,0,2
China,Archery,3,3,6
China,Artistic swimming,0,8,8
China,Athletics,27,27,54
China,Badminton,8,8,16
China,Basketball,4,16,20
China,Boxing,2,6,8
China,Breaking,1,2,3
China,Canoeing,7,11,18
China,Cycling,5,8,13
China,Diving,6,4,10
China,Equestrian,2,0,2
China,Fencing,5,7,12
China,Field hockey,0,16,16
China,Golf,2,2,4
China,Gymnastics,7,13,20
China,Judo,0,6,6
China,Modern pentathlon,2,1,3
China,Rowing,2,12,14
China,Rugby sevens,0,12,12
China,Sailing,6,7,13
China,Shooting,10,11,21
China,Skateboarding,0,4,4
China,Sport climbing,3,4,7
China,Surfing,0,1,1
China,Swimming,13,19,32
China,Table tennis,3,3,6
China,Taekwondo,2,4,6
China,Tennis,1,6,7
China,Triathlon,0,1,1
China,Volleyball,0,14,14
China,Water polo,0,13,13
China,Weightlifting,3,3,6
China,Wrestling,7,5,12
Colombia,Archery,3,1,4
Colombia,Athletics,8,10,18
Colombia,Boxing,1,4,5
Colombia,Canoeing,0,1,1
Colombia,Cycling,9,6,15
Colombia,Diving,3,0,3
Colombia,Equestrian,1,0,1
Colombia,Fencing,1,0,1
Colombia,Football,0,18,18
Colombia,Golf,2,1,3
Colombia,Gymnastics,2,1,3
Colombia,Judo,0,1,1
Colombia,Sailing,1,0,1
Colombia,Skateboarding,1,0,1
Colombia,Swimming,1,1,2
Colombia,Tennis,0,1,1
Colombia,Triathlon,0,1,1
Colombia,Weightlifting,2,2,4
Colombia,Wrestling,2,2,4
Comoros,Athletics,1,0,1
Comoros,Canoeing,1,0,1
Comoros,Swimming,1,1,2
Cook Islands,Athletics,1,0,1
Cook Islands,Swimming,0,1,1
Costa Rica,Athletics,1,0,1
Costa Rica,Cycling,0,1,1
Costa Rica,Judo,1,0,1
Costa Rica,Surfing,0,1,1
Costa Rica,Swimming,1,1,2
Croatia,Athletics,4,5,9
Croatia,Boxing,1,0,1
Croatia,Canoeing,1,1,2
Croatia,Cycling,1,0,1
Croatia,Gymnastics,2,0,2
Croatia,Handball,14,0,14
Croatia,Judo,1,2,3
Croatia,Rowing,5,0,5
Croatia,Sailing,4,2,6
Croatia,Shooting,3,0,3
Croatia,Swimming,2,1,3
Croatia,Table tennis,3,1,4
Croatia,Taekwondo,2,1,3
Croatia,Tennis,2,2,4
Croatia,Water polo,13,0,13
Cuba,Archery,1,0,1
Cuba,Athletics,7,11,18
Cuba,Boxing,5,0,5
Cuba,Canoeing,1,2,3
Cuba,Cycling,0,1,1
Cuba,Diving,0,2,2
Cuba,Judo,2,2,4
Cuba,Modern pentathlon,1,0,1
Cuba,Rowing,1,1,2
Cuba,Shooting,2,2,4
Cuba,Swimming,1,1,2
Cuba,Table tennis,2,1,3
Cuba,Taekwondo,1,1,2
Cuba,Volleyball,2,0,2
Cuba,Weightlifting,0,1,1
Cuba,Wrestling,8,2,10
Cyprus,Athletics,2,2,4
Cyprus,Cycling,0,1,1
Cyprus,Fencing,1,0,1
Cyprus,Gymnastics,1,1,2
Cyprus,Judo,0,1,1
Cyprus,Sailing,2,2,4
Cyprus,Shooting,0,1,1
Cyprus,Swimming,1,1,2
Czech Republic,Archery,1,1,2
Czech Republic,Athletics,17,13,30
Czech Republic,Badminton,3,1,4
Czech Republic,Canoeing,7,4,11
Czech Republic,Cycling,4,3,7
Czech Republic,Equestrian,2,0,2
Czech Republic,Fencing,5,0,5
Czech Republic,Golf,0,2,2
Czech Republic,Gymnastics,0,1,1
Czech Republic,Judo,2,1,3
Czech Republic,Modern pentathlon,2,2,4
Czech Republic,Rowing,2,4,6
Czech Republic,Sailing,0,3,3
Czech Republic,Shooting,7,2,9
Czech Republic,Sport climbing,1,0,1
Czech Republic,Swimming,3,2,5
Czech Republic,Table tennis,0,1,1
Czech Republic,Taekwondo,0,2,2
Czech Republic,Tennis,3,4,7
Czech Republic,Triathlon,0,1,1
Czech Republic,Volleyball,2,2,4
Czech Republic,Weightlifting,1,0,1
Democratic Republic of the Congo,Athletics,1,0,1
Democratic Republic of the Congo,Boxing,0,2,2
Democratic Republic of the Congo,Judo,1,0,1
Democratic Republic of the Congo,Swimming,1,1,2
Denmark,Archery,0,1,1
Denmark,Athletics,1,3,4
Denmark,Badminton,4,3,7
Denmark,Boxing,1,0,1
Denmark,Canoeing,5,2,7
Denmark,Cycling,9,8,17
Denmark,Equestrian,3,2,5
Denmark,Golf,2,2,4
Denmark,Handball,16,15,31
Denmark,Judo,0,1,1
Denmark,Rowing,3,14,17
Denmark,Sailing,5,4,9
Denmark,Shooting,1,2,3
Denmark,Skateboarding,1,0,1
Denmark,Swimming,0,7,7
Denmark,Table tennis,3,0,3
Denmark,Taekwondo,1,0,1
Denmark,Tennis,0,2,2
Denmark,Triathlon,1,1,2
Denmark,Wrestling,1,0,1
Djibouti,Athletics,3,1,4
Djibouti,Judo,1,0,1
Djibouti,Swimming,1,1,2
Dominica,Athletics,1,1,2
Dominica,Swimming,1,1,2
Dominican Republic,Athletics,5,4,9
Dominican Republic,Boxing,2,1,3
Dominican Republic,Diving,2,1,3
Dominican Republic,Equestrian,0,1,1
Dominican Republic,Football,18,0,18
Dominican Republic,Gymnastics,1,0,1
Dominican Republic,Judo,1,1,2
Dominican Republic,Shooting,1,0,1
Dominican Republic,Swimming,1,1,2
Dominican Republic,Taekwondo,1,1,2
Dominican Republic,Volleyball,0,12,12
Dominican Republic,Weightlifting,0,3,3
Dominican Republic,Wrestling,1,0,1
East Timor,Athletics,1,0,1
East Timor,Swimming,1,1,2
East Timor,Taekwondo,0,1,1
Ecuador,Athletics,4,11,15
Ecuador,Boxing,2,1,3
Ecuador,Cycling,2,0,2
Ecuador,Equestrian,3,0,3
Ecuador,Judo,0,1,1
Ecuador,Modern pentathlon,1,1,2
Ecuador,Shooting,0,2,2
Ecuador,Swimming,2,1,3
Ecuador,Table tennis,1,0,1
Ecuador,Triathlon,0,1,1
Ecuador,Weightlifting,0,3,3
Ecuador,Wrestling,1,3,4
Egypt,Archery,1,1,2
Egypt,Artistic swimming,0,8,8
Egypt,Athletics,5,1,6
Egypt,Boxing,2,1,3
Egypt,Canoeing,0,1,1
Egypt,Cycling,1,2,3
Egypt,Diving,2,2,4
Egypt,Equestrian,1,0,1
Egypt,Fencing,9,8,17
Egypt,Football,18,0,18
Egypt,Gymnastics,1,8,9
Egypt,Handball,14,0,14
Egypt,Judo,2,0,2
Egypt,Modern pentathlon,2,2,4
Egypt,Rowing,3,0,3
Egypt,Sailing,1,1,2
Egypt,Shooting,5,6,11
Egypt,Swimming,1,1,2
Egypt,Table tennis,3,3,6
Egypt,Taekwondo,2,1,3
Egypt,Tennis,0,1,1
Egypt,Volleyball,12,2,14
Egypt,Weightlifting,2,3,5
Egypt,Wrestling,10,1,11
El Salvador,Archery,1,0,1
El Salvador,Badminton,1,0,1
El Salvador,Judo,1,0,1
El Salvador,Sailing,1,0,1
El Salvador,Shooting,1,0,1
El Salvador,Surfing,1,0,1
El Salvador,Swimming,1,1,2
Equatorial Guinea,Athletics,1,1,2
Equatorial Guinea,Swimming,1,0,1
Eritrea,Athletics,7,2,9
Eritrea,Cycling,1,0,1
Eritrea,Swimming,1,1,2
Estonia,Archery,0,1,1
Estonia,Athletics,4,1,5
Estonia,Badminton,0,1,1
Estonia,Cycling,1,1,2
Estonia,Equestrian,0,1,1
Estonia,Fencing,0,1,1
Estonia,Judo,1,0,1
Estonia,Rowing,4,0,4
Estonia,Shooting,2,0,2
Estonia,Sailing,1,1,2
Estonia,Swimming,1,1,2
Estonia,Weightlifting,1,0,1
Estonia,Wrestling,1,0,1
Eswatini,Athletics,1,0,1
Eswatini,Swimming,1,1,2
Ethiopia,Athletics,16,17,33
Ethiopia,Swimming,0,1,1
Federated States of Micronesia,Athletics,1,0,1
Federated States of Micronesia,Swimming,1,1,2
Fiji,Athletics,1,0,1
Fiji,Judo,1,0,1
Fiji,Rugby sevens,12,12,24
Fiji,Sailing,1,1,2
Fiji,Swimming,1,1,2
Fiji,Table tennis,1,0,1
Fiji,Taekwondo,0,2,2
Finland,Archery,1,0,1
Finland,Athletics,7,18,25
Finland,Badminton,1,0,1
Finland,Boxing,0,1,1
Finland,Cycling,1,1,2
Finland,Equestrian,1,4,5
Finland,Golf,2,2,4
Finland,Judo,2,0,2
Finland,Sailing,3,4,7
Finland,Shooting,2,1,3
Finland,Skateboarding,0,1,1
Finland,Swimming,1,1,2
Finland,Wrestling,2,0,2
France,Archery,3,3,6
France,Artistic swimming,0,8,8
France,Athletics,49,41,90
France,Badminton,5,4,9
France,Basketball,16,16,32
France,Boxing,4,4,8
France,Breaking,2,2,4
France,Canoeing,6,7,13
France,Cycling,17,14,31
France,Diving,5,4,9
France,Equestrian,8,1,9
France,Fencing,9,9,18
France,Field hockey,16,16,32
France,Football,18,18,36
France,Golf,2,2,4
France,Gymnastics,2,12,14
France,Handball,14,14,28
France,Judo,7,7,14
France,Modern pentathlon,2,2,4
France,Rowing,8,4,12
France,Rugby sevens,12,12,24
France,Sailing,7,7,14
France,Shooting,7,8,15
France,Skateboarding,4,3,7
France,Sport climbing,3,4,7
France,Surfing,2,2,4
France,Swimming,18,15,33
France,Table tennis,3,3,6
France,Taekwondo,2,2,4
France,Tennis,6,4,10
France,Triathlon,3,3,6
France,Volleyball,16,16,32
France,Water polo,13,13,26
France,Weightlifting,2,2,4
France,Wrestling,1,2,3
Gabon,Athletics,1,0,1
Gabon,Judo,0,1,1
Gabon,Swimming,1,1,2
Gabon,Taekwondo,0,1,1
The Gambia,Athletics,1,2,3
The Gambia,Judo,1,0,1
The Gambia,Swimming,1,1,2
The Gambia,Taekwondo,1,0,1
Georgia,Athletics,0,1,1
Georgia,Boxing,2,0,2
Georgia,Fencing,1,0,1
Georgia,Judo,7,3,10
Georgia,Gymnastics,0,1,1
Georgia,Shooting,0,1,1
Georgia,Swimming,1,1,2
Georgia,Weightlifting,3,0,3
Georgia,Wrestling,7,0,7
Germany,Archery,1,3,4
Germany,Athletics,42,37,79
Germany,Badminton,3,1,4
Germany,Basketball,12,16,28
Germany,Boxing,1,1,2
Germany,Canoeing,12,12,24
Germany,Cycling,12,13,25
Germany,Diving,4,5,9
Germany,Equestrian,6,3,9
Germany,Fencing,1,1,2
Germany,Field hockey,16,16,32
Germany,Football,0,18,18
Germany,Golf,2,2,4
Germany,Gymnastics,6,10,16
Germany,Handball,14,14,28
Germany,Judo,4,6,10
Germany,Modern pentathlon,2,2,4
Germany,Rowing,18,5,23
Germany,Sailing,7,7,14
Germany,Shooting,5,8,13
Germany,Skateboarding,1,1,2
Germany,Sport climbing,2,1,3
Germany,Surfing,1,1,2
Germany,Swimming,15,10,25
Germany,Table tennis,3,3,6
Germany,Taekwondo,0,1,1
Germany,Tennis,6,4,10
Germany,Triathlon,3,3,6
Germany,Volleyball,14,4,18
Germany,Wrestling,3,4,7
Ghana,Athletics,5,1,6
Ghana,Swimming,1,1,2
Great Britain,Archery,3,3,6
Great Britain,Artistic swimming,0,2,2
Great Britain,Athletics,29,34,63
Great Britain,Badminton,2,1,3
Great Britain,Boxing,3,3,6
Great Britain,Canoeing,2,2,4
Great Britain,Cycling,15,15,30
Great Britain,Diving,6,5,11
Great Britain,Equestrian,4,5,9
Great Britain,Field hockey,16,16,32
Great Britain,Golf,2,2,4
Great Britain,Gymnastics,6,7,13
Great Britain,Judo,0,5,5
Great Britain,Modern pentathlon,2,2,4
Great Britain,Rowing,20,22,42
Great Britain,Rugby sevens,0,12,12
Great Britain,Sailing,7,7,14
Great Britain,Shooting,3,3,6
Great Britain,Skateboarding,1,2,3
Great Britain,Sport climbing,2,2,4
Great Britain,Swimming,19,14,33
Great Britain,Table tennis,1,1,2
Great Britain,Taekwondo,2,2,4
Great Britain,Tennis,6,2,8
Great Britain,Triathlon,2,3,5
Great Britain,Weightlifting,0,1,1
Greece,Artistic swimming,0,2,2
Greece,Athletics,4,10,14
Greece,Basketball,12,0,12
Greece,Cycling,1,0,1
Greece,Equestrian,0,1,1
Greece,Fencing,0,1,1
Greece,Gymnastics,1,0,1
Greece,Judo,1,1,2
Greece,Rowing,3,4,7
Greece,Sailing,3,1,4
Greece,Shooting,2,3,5
Greece,Swimming,14,3,17
Greece,Table tennis,1,0,1
Greece,Tennis,2,2,4
Greece,Water polo,13,13,26
Greece,Wrestling,2,1,3
Grenada,Athletics,3,1,4
Grenada,Swimming,1,1,2
Guam,Athletics,1,1,2
Guam,Canoeing,0,1,1
Guam,Judo,0,1,1
Guam,Triathlon,0,1,1
Guam,Weightlifting,0,1,1
Guam,Wrestling,0,2,2
Guatemala,Athletics,4,1,5
Guatemala,Badminton,1,0,1
Guatemala,Judo,0,1,1
Guatemala,Modern pentathlon,1,1,2
Guatemala,Sailing,1,0,1
Guatemala,Shooting,2,2,4
Guatemala,Swimming,1,1,2
Guinea,Archery,0,1,1
Guinea,Athletics,0,1,1
Guinea,Football,18,0,18
Guinea,Judo,0,2,2
Guinea,Swimming,1,1,2
Guinea-Bissau,Athletics,1,0,1
Guinea-Bissau,Judo,1,0,1
Guinea-Bissau,Swimming,1,0,1
Guinea-Bissau,Taekwondo,1,0,1
Guinea-Bissau,Wrestling,2,0,2
Guyana,Athletics,1,1,2
Guyana,Swimming,1,1,2
Guyana,Table tennis,0,1,1
Haiti,Athletics,1,1,2
Haiti,Boxing,1,0,1
Haiti,Gymnastics,0,1,1
Haiti,Judo,1,0,1
Haiti,Swimming,1,1,2
Honduras,Athletics,1,0,1
Honduras,Swimming,1,1,2
Honduras,Wrestling,1,0,1
Hong Kong,Athletics,1,0,1
Hong Kong,Badminton,2,4,6
Hong Kong,Cycling,1,1,2
Hong Kong,Fencing,2,2,4
Hong Kong,Gymnastics,1,0,1
Hong Kong,Judo,0,1,1
Hong Kong,Rowing,1,0,1
Hong Kong,Sailing,4,1,5
Hong Kong,Swimming,1,6,7
Hong Kong,Table Tennis,1,3,4
Hong Kong,Taekwondo,1,0,1
Hong Kong,Triathlon,1,0,1
Hungary,Athletics,6,12,18
Hungary,Boxing,2,1,3
Hungary,Canoeing,9,7,16
Hungary,Cycling,1,1,2
Hungary,Equestrian,1,0,1
Hungary,Fencing,9,6,15
Hungary,Gymnastics,1,4,5
Hungary,Handball,17,17,34
Hungary,Judo,4,3,7
Hungary,Modern pentathlon,2,2,4
Hungary,Rowing,1,0,1
Hungary,Sailing,1,1,2
Hungary,Shooting,2,3,5
Hungary,Swimming,12,11,23
Hungary,Table tennis,1,2,3
Hungary,Taekwondo,2,1,3
Hungary,Tennis,2,0,2
Hungary,Triathlon,2,1,3
Hungary,Water polo,13,13,26
Hungary,Wrestling,4,1,5
Iceland,Athletics,0,1,1
Iceland,Shooting,1,0,1
Iceland,Swimming,1,1,2
Iceland,Triathlon,0,1,1
India,Archery,3,3,6
India,Athletics[a],17,10,27
India,Badminton,4,3,7
India,Boxing,2,4,6
India,Equestrian,1,0,1
India,Field hockey[a],16,0,16
India,Golf,2,2,4
India,Judo,0,1,1
India,Rowing,1,0,1
India,Sailing,1,1,2
India,Shooting,10,11,21
India,Swimming,1,1,2
India,Table tennis[a],3,3,6
India,Tennis,3,0,3
India,Weightlifting,0,1,1
India,Wrestling,1,5,6
Indonesia,Archery,1,3,4
Indonesia,Athletics,1,0,1
Indonesia,Badminton,5,4,9
Indonesia,Cycling,1,0,1
Indonesia,Gymnastics,0,1,1
Indonesia,Judo,0,1,1
Indonesia,Rowing,1,0,1
Indonesia,Shooting,1,0,1
Indonesia,Sport climbing,2,2,4
Indonesia,Surfing,1,0,1
Indonesia,Swimming,1,1,2
Indonesia,Weightlifting,2,1,3
Iran,Archery,0,1,1
Iran,Athletics,1,1,2
Iran,Canoeing,2,0,2
Iran,Cycling,1,0,1
Iran,Fencing,4,0,4
Iran,Gymnastics,1,0,1
Iran,Rowing,0,3,3
Iran,Shooting,1,3,4
Iran,Sport climbing,1,0,1
Iran,Swimming,1,0,1
Iran,Table tennis,2,1,3
Iran,Taekwondo,2,2,4
Iran,Weightlifting,2,0,2
Iran,Wrestling,12,0,12
Iraq,Athletics,1,0,1
Iraq,Football,18,0,18
Iraq,Judo,1,0,1
Iraq,Swimming,1,0,1
Iraq,Weightlifting,1,0,1
Ireland,Athletics,9,15,24
Ireland,Badminton,1,1,2
Ireland,Boxing,4,6,10
Ireland,Canoeing,2,2,4
Ireland,Cycling,2,5,7
Ireland,Diving,1,1,2
Ireland,Equestrian,4,3,7
Ireland,Field hockey,16,0,16
Ireland,Golf,2,2,4
Ireland,Gymnastics,1,0,1
Ireland,Rowing,6,10,16
Ireland,Rugby sevens,12,12,24
Ireland,Sailing,3,1,4
Ireland,Swimming,6,6,12
Ireland,Taekwondo,1,0,1
Israel,Archery,1,1,2
Israel,Artistic swimming,0,2,2
Israel,Athletics,4,2,6
Israel,Badminton,1,0,1
Israel,Cycling,3,1,4
Israel,Equestrian,2,2,4
Israel,Fencing,1,0,1
Israel,Football,18,0,18
Israel,Gymnastics,1,7,8
Israel,Judo,5,7,12
Israel,Sailing,4,4,8
Israel,Shooting,1,0,1
Israel,Surfing,0,1,1
Israel,Swimming,12,6,18
Israel,Taekwondo,0,1,1
Israel,Triathlon,1,0,1
Italy,Archery,3,1,4
Italy,Artistic swimming,0,9,9
Italy,Athletics,42,40,82
Italy,Badminton,1,0,1
Italy,Boxing,3,5,8
Italy,Breaking,0,1,1
Italy,Canoeing,5,2,7
Italy,Cycling,12,13,25
Italy,Diving,4,4,8
Italy,Equestrian,4,1,5
Italy,Fencing,12,12,24
Italy,Golf,2,1,3
Italy,Gymnastics,5,12,17
Italy,Judo,6,7,13
Italy,Modern pentathlon,2,2,4
Italy,Rowing,25,12,37
Italy,Sailing,5,7,12
Italy,Shooting,10,5,15
Italy,Skateboarding,2,0,2
Italy,Sport climbing,1,3,4
Italy,Surfing,1,0,1
Italy,Swimming,22,18,40
Italy,Table tennis,0,2,2
Italy,Taekwondo,2,1,3
Italy,Tennis,5,4,9
Italy,Triathlon,2,3,5
Italy,Volleyball,17,15,32
Italy,Water polo,13,13,26
Italy,Weightlifting,2,1,3
Italy,Wrestling,1,1,2
Ivory Coast,Athletics,2,3,5
Ivory Coast,Fencing,1,1,2
Ivory Coast,Judo,0,1,1
Ivory Coast,Taekwondo,1,2,3
Jamaica,Athletics,26,28,54
Jamaica,Diving,1,0,1
Jamaica,Judo,1,0,1
Jamaica,Swimming,1,1,2
Japan,Archery,3,1,4
Japan,Artistic swimming,0,9,9
Japan,Athletics,29,20,49
Japan,Badminton,5,7,12
Japan,Basketball,12,12,24
Japan,Boxing,2,0,2
Japan,Breaking,2,2,4
Japan,Canoeing,2,1,3
Japan,Cycling,9,9,18
Japan,Diving,2,3,5
Japan,Equestrian,6,0,6
Japan,Fencing,7,7,14
Japan,Field hockey,0,16,16
Japan,Football,18,18,36
Japan,Golf,2,2,4
Japan,Gymnastics,6,5,11
Japan,Handball,14,0,14
Japan,Judo,7,7,14
Japan,Modern pentathlon,1,1,2
Japan,Rowing,3,2,5
Japan,Rugby sevens,12,12,24
Japan,Sailing,3,4,7
Japan,Shooting,2,1,3
Japan,Skateboarding,4,6,10
Japan,Sport climbing,2,2,4
Japan,Surfing,3,1,4
Japan,Swimming,15,14,29
Japan,Table Tennis,3,3,6
Japan,Tennis,2,4,6
Japan,Triathlon,2,1,3
Japan,Volleyball,12,14,26
Japan,Water polo,12,0,12
Japan,Weightlifting,2,1,3
Japan,Wrestling,8,6,14
Jordan,Athletics,1,0,1
Jordan,Boxing,3,0,3
Jordan,Gymnastics,1,0,1
Jordan,Swimming,1,1,2
Jordan,Table tennis,1,0,1
Jordan,Taekwondo,2,2,4
Kazakhstan,Archery,3,0,3
Kazakhstan,Athletics,1,6,7
Kazakhstan,Badminton,1,0,1
Kazakhstan,Boxing,7,3,10
Kazakhstan,Breaking,1,0,1
Kazakhstan,Canoeing,4,2,6
Kazakhstan,Cycling,3,0,3
Kazakhstan,Fencing,3,1,4
Kazakhstan,Gymnastics,3,1,4
Kazakhstan,Judo,5,3,8
Kazakhstan,Modern pentathlon,1,1,2
Kazakhstan,Rowing,1,0,1
Kazakhstan,Shooting,4,5,9
Kazakhstan,Sport climbing,1,0,1
Kazakhstan,Swimming,1,1,2
Kazakhstan,Table tennis,1,0,1
Kazakhstan,Taekwondo,2,0,2
Kazakhstan,Tennis,3,2,5
Kazakhstan,Triathlon,0,1,1
Kazakhstan,Wrestling,8,0,8
Kenya,Athletics,25,19,44
Kenya,Fencing,0,1,1
Kenya,Judo,0,1,1
Kenya,Rugby sevens,12,0,12
Kenya,Swimming,1,1,2
Kenya,Volleyball,0,12,12
Kiribati,Athletics,1,0,1
Kiribati,Judo,0,1,1
Kiribati,Weightlifting,1,0,1
Kosovo,Athletics,0,1,1
Kosovo,Boxing,0,1,1
Kosovo,Judo,1,4,5
Kosovo,Swimming,1,1,2
Kuwait,Athletics,1,1,2
Kuwait,Fencing,1,0,1
Kuwait,Rowing,0,1,1
Kuwait,Sailing,0,1,1
Kuwait,Shooting,2,0,2
Kuwait,Swimming,1,1,2
Kyrgyzstan,Athletics,0,1,1
Kyrgyzstan,Boxing,1,0,1
Kyrgyzstan,Judo,2,0,2
Kyrgyzstan,Swimming,1,1,2
Kyrgyzstan,Wrestling,7,3,10
Laos,Athletics,0,1,1
Laos,Gymnastics,0,1,1
Laos,Swimming,1,1,2
Latvia,Athletics,3,5,8
Latvia,Basketball,4,0,4
Latvia,Cycling,4,2,6
Latvia,Diving,0,1,1
Latvia,Equestrian,1,0,1
Latvia,Modern pentathlon,1,0,1
Latvia,Shooting,1,1,2
Latvia,Swimming,1,1,2
Latvia,Tennis,0,1,1
Latvia,Volleyball,0,2,2
Latvia,Weightlifting,1,0,1
Lebanon,Athletics,1,0,1
Lebanon,Fencing,1,0,1
Lebanon,Judo,1,0,1
Lebanon,Shooting,0,1,1
Lebanon,Swimming,1,1,2
Lebanon,Table tennis,0,1,1
Lebanon,Taekwondo,0,1,1
Lebanon,Tennis,2,0,2
Lesotho,Athletics,1,1,2
Lesotho,Taekwondo,0,1,1
Liberia,Athletics,5,3,8
Libya,Athletics,1,0,1
Libya,Rowing,1,0,1
Libya,Shooting,1,0,1
Libya,Swimming,1,1,2
Libya,Weightlifting,1,0,1
Liechtenstein,Cycling,1,0,1
Lithuania,Athletics,4,7,11
Lithuania,Basketball,4,0,4
Lithuania,Breaking,0,1,1
Lithuania,Canoeing,5,0,5
Lithuania,Cycling,1,2,3
Lithuania,Equestrian,1,1,2
Lithuania,Gymnastics,1,0,1
Lithuania,Modern pentathlon,0,2,2
Lithuania,Rowing,3,5,8
Lithuania,Sailing,1,1,2
Lithuania,Swimming,5,2,7
Lithuania,Volleyball,0,2,2
Lithuania,Wrestling,2,1,3
Luxembourg,Archery,1,0,1
Luxembourg,Athletics,2,2,4
Luxembourg,Cycling,1,1,2
Luxembourg,Equestrian,1,0,1
Luxembourg,Swimming,1,0,1
Luxembourg,Table tennis,1,2,3
Luxembourg,Triathlon,0,1,1
Madagascar,Athletics,1,1,2
Madagascar,Judo,0,1,1
Madagascar,Swimming,1,1,2
Madagascar,Table tennis,1,0,1
Madagascar,Weightlifting,0,1,1
Malawi,Athletics,0,1,1
Malawi,Swimming,1,1,2
Malaysia,Archery,0,3,3
Malaysia,Athletics,1,0,1
Malaysia,Badminton,4,4,8
Malaysia,Cycling,2,2,4
Malaysia,Diving,1,1,2
Malaysia,Golf,1,1,2
Malaysia,Sailing,1,1,2
Malaysia,Shooting,1,0,1
Malaysia,Swimming,1,1,2
Malaysia,Weightlifting,1,0,1
Maldives,Athletics,1,0,1
Maldives,Badminton,0,1,1
Maldives,Swimming,1,1,2
Maldives,Table tennis,0,1,1
Mali,Athletics,1,0,1
Mali,Boxing,0,1,1
Mali,Football,18,0,18
Mali,Swimming,1,1,2
Mali,Taekwondo,1,0,1
Malta,Athletics,1,0,1
Malta,Judo,0,1,1
Malta,Shooting,1,0,1
Malta,Swimming,1,1,2
Marshall Islands,Athletics,1,0,1
Marshall Islands,Swimming,1,1,2
Marshall Islands,Weightlifting,0,1,1
Mauritania,Athletics,0,1,1
Mauritania,Swimming,1,0,1
Mauritius,Athletics,1,1,2
Mauritius,Badminton,1,1,2
Mauritius,Cycling,1,2,3
Mauritius,Judo,1,0,1
Mauritius,Sailing,1,1,2
Mauritius,Swimming,1,1,2
Mauritius,Triathlon,1,0,1
Mexico,Archery,3,3,6
Mexico,Artistic swimming,0,8,8
Mexico,Athletics,9,9,18
Mexico,Badminton,1,0,1
Mexico,Boxing,2,2,4
Mexico,Canoeing,0,3,3
Mexico,Cycling,2,6,8
Mexico,Diving,5,4,9
Mexico,Equestrian,3,0,3
Mexico,Fencing,1,0,1
Mexico,Golf,2,2,4
Mexico,Gymnastics,0,8,8
Mexico,Judo,0,2,2
Mexico,Modern pentathlon,2,2,4
Mexico,Rowing,2,1,3
Mexico,Sailing,0,2,2
Mexico,Shooting,2,3,5
Mexico,Surfing,1,0,1
Mexico,Swimming,4,2,6
Mexico,Table tennis,1,1,2
Mexico,Taekwondo,1,1,2
Mexico,Triathlon,2,2,4
Mexico,Weightlifting,0,1,1
Mexico,Wrestling,2,0,2
Moldova,Archery,1,1,2
Moldova,Athletics,2,3,5
Moldova,Canoeing,1,2,3
Moldova,Equestrian,0,1,1
Moldova,Judo,3,0,3
Moldova,Shooting,0,1,1
Moldova,Swimming,1,1,2
Moldova,Table tennis,1,0,1
Moldova,Weightlifting,1,0,1
Moldova,Wrestling,4,3,7
Monaco,Athletics,0,1,1
Monaco,Judo,1,0,1
Monaco,Rowing,1,0,1
Monaco,Swimming,1,1,2
Monaco,Table tennis,0,1,1
Mongolia,Archery,1,0,1
Mongolia,Athletics,1,2,3
Mongolia,Boxing,0,2,2
Mongolia,Cycling,1,0,1
Mongolia,Judo,5,5,10
Mongolia,Shooting,2,1,3
Mongolia,Swimming,1,1,2
Mongolia,Weightlifting,0,1,1
Mongolia,Wrestling,3,6,9
Montenegro,Athletics,1,0,1
Montenegro,Boxing,0,1,1
Montenegro,Sailing,1,0,1
Montenegro,Swimming,1,1,2
Montenegro,Tennis,0,1,1
Montenegro,Water polo,13,0,13
Morocco,Athletics,8,5,13
Morocco,Boxing,0,3,3
Morocco,Breaking,1,1,2
Morocco,Canoeing,2,0,2
Morocco,Cycling,2,0,2
Morocco,Equestrian,1,1,2
Morocco,Fencing,1,1,2
Morocco,Football,18,0,18
Morocco,Golf,0,1,1
Morocco,Judo,2,1,3
Morocco,Rowing,0,1,1
Morocco,Shooting,1,0,1
Morocco,Skateboarding,0,1,1
Morocco,Surfing,1,0,1
Morocco,Swimming,1,1,2
Morocco,Taekwondo,0,2,2
Morocco,Triathlon,1,0,1
Morocco,Volleyball,2,0,2
Morocco,Wrestling,1,0,1
Mozambique,Athletics,1,0,1
Mozambique,Boxing,1,1,2
Mozambique,Judo,0,1,1
Mozambique,Sailing,0,1,1
Mozambique,Swimming,1,1,2
Myanmar,Badminton,0,1,1
Myanmar,Swimming,1,0,1
Namibia,Athletics,0,1,1
Namibia,Cycling,1,1,2
Namibia,Swimming,1,0,1
Nauru,Athletics,1,0,1
Nepal,Athletics,0,1,1
Nepal,Badminton,1,0,1
Nepal,Judo,0,1,1
Nepal,Shooting,0,1,1
Nepal,Swimming,1,1,2
Nepal,Table tennis,1,0,1
Netherlands,Archery,1,3,4
Netherlands,Artistic swimming,0,2,2
Netherlands,Athletics,17,23,40
Netherlands,Badminton,1,1,2
Netherlands,Basketball,4,0,4
Netherlands,Boxing,0,1,1
Netherlands,Breaking,2,1,3
Netherlands,Canoeing,1,4,5
Netherlands,Cycling,10,14,24
Netherlands,Diving,0,1,1
Netherlands,Equestrian,4,5,9
Netherlands,Fencing,1,0,1
Netherlands,Field hockey,17,17,34
Netherlands,Golf,0,1,1
Netherlands,Gymnastics,5,5,10
Netherlands,Handball,0,14,14
Netherlands,Judo,5,5,10
Netherlands,Rowing,19,14,33
Netherlands,Sailing,5,6,11
Netherlands,Skateboarding,0,2,2
Netherlands,Swimming,8,12,20
Netherlands,Table tennis,0,1,1
Netherlands,Tennis,4,2,6
Netherlands,Triathlon,2,2,4
Netherlands,Volleyball,4,14,18
Netherlands,Water polo,0,13,13
New Zealand,Artistic swimming,0,2,2
New Zealand,Athletics,8,9,17
New Zealand,Canoeing,5,7,12
New Zealand,Cycling,9,11,20
New Zealand,Diving,0,1,1
New Zealand,Equestrian,2,2,4
New Zealand,Field hockey,16,0,16
New Zealand,Football,18,18,36
New Zealand,Golf,2,1,3
New Zealand,Gymnastics,1,2,3
New Zealand,Judo,0,2,2
New Zealand,Rowing,9,11,20
New Zealand,Rugby sevens,12,12,24
New Zealand,Sailing,6,6,12
New Zealand,Shooting,1,1,2
New Zealand,Sport climbing,1,1,2
New Zealand,Surfing,1,1,2
New Zealand,Swimming,4,5,9
New Zealand,Tennis,0,2,2
New Zealand,Triathlon,2,2,4
New Zealand,Weightlifting,1,0,1
New Zealand,Wrestling,0,1,1
Nicaragua,Athletics,0,1,1
Nicaragua,Judo,0,1,1
Nicaragua,Rowing,0,1,1
Nicaragua,Shooting,0,1,1
Nicaragua,Surfing,0,1,1
Nicaragua,Swimming,1,1,2
Niger,Athletics,0,1,1
Niger,Fencing,1,0,1
Niger,Judo,1,0,1
Niger,Swimming,1,1,2
Niger,Taekwondo,2,0,2
Nigeria,Athletics,18,18,36
Nigeria,Badminton,1,0,1
Nigeria,Basketball,0,12,12
Nigeria,Boxing,2,1,3
Nigeria,Canoeing,0,2,2
Nigeria,Cycling,0,1,1
Nigeria,Football,0,18,18
Nigeria,Swimming,1,1,2
Nigeria,Table tennis,2,2,4
Nigeria,Taekwondo,0,1,1
Nigeria,Weightlifting,0,2,2
Nigeria,Wrestling,1,5,6
North Korea,Athletics,1,0,1
North Korea,Boxing,0,2,2
North Korea,Diving,1,2,3
North Korea,Gymnastics,0,1,1
North Korea,Judo,0,1,1
North Korea,Table tennis,1,2,3
North Korea,Wrestling,1,4,5
North Macedonia,Athletics,1,0,1
North Macedonia,Judo,1,0,1
North Macedonia,Shooting,0,1,1
North Macedonia,Swimming,1,0,1
North Macedonia,Taekwondo,0,1,1
North Macedonia,Wrestling,1,0,1
Norway,Athletics,15,11,26
Norway,Boxing,1,1,2
Norway,Canoeing,0,4,4
Norway,Cycling,3,3,6
Norway,Diving,0,1,1
Norway,Equestrian,0,2,2
Norway,Golf,2,2,4
Norway,Handball,14,15,29
Norway,Rowing,8,2,10
Norway,Sailing,1,4,5
Norway,Shooting,3,3,6
Norway,Swimming,3,0,3
Norway,Taekwondo,1,0,1
Norway,Tennis,1,0,1
Norway,Triathlon,2,2,4
Norway,Volleyball,2,0,2
Norway,Weightlifting,0,1,1
Norway,Wrestling,0,1,1
Oman,Athletics,1,1,2
Oman,Shooting,1,0,1
Oman,Swimming,1,0,1
Pakistan,Athletics,1,0,0
Palau,Athletics,0,1,1
Palau,Swimming,1,1,2
Palestine,Athletics,1,1,2
Palestine,Boxing,1,0,1
Palestine,Judo,1,0,1
Palestine,Shooting,1,0,1
Palestine,Swimming,1,1,2
Palestine,Taekwondo,1,0,1
Panama,Athletics,1,1,2
Panama,Boxing,0,1,1
Panama,Cycling,1,0,1
Panama,Gymnastics,0,1,1
Panama,Judo,0,1,1
Panama,Swimming,1,1,2
Papua New Guinea,Athletics,0,1,1
Papua New Guinea,Boxing,1,0,1
Papua New Guinea,Swimming,1,1,2
Papua New Guinea,Taekwondo,2,0,2
Papua New Guinea,Weightlifting,1,0,1
Paraguay,Athletics,1,1,2
Paraguay,Football,18,0,18
Paraguay,Golf,1,0,1
Paraguay,Judo,0,1,1
Paraguay,Rowing,1,1,2
Paraguay,Swimming,1,1,2
Paraguay,Volleyball,0,2,2
Peru,Athletics,3,6,9
Peru,Badminton,0,1,1
Peru,Fencing,0,1,1
Peru,Judo,1,0,1
Peru,Rowing,0,3,3
Peru,Sailing,1,2,3
Peru,Shooting,1,1,2
Peru,Surfing,2,1,3
Peru,Swimming,1,2,3
Philippines,Athletics,2,1,3
Philippines,Boxing,2,3,5
Philippines,Fencing,0,1,1
Philippines,Golf,0,2,2
Philippines,Gymnastics,1,3,4
Philippines,Judo,0,1,1
Philippines,Rowing,0,1,1
Philippines,Swimming,1,1,2
Philippines,Weightlifting,1,2,3
Poland,Archery,0,1,1
Poland,Athletics,26,33,59
Poland,Basketball,4,0,4
Poland,Boxing,2,3,5
Poland,Canoeing,5,10,15
Poland,Cycling,5,9,14
Poland,Diving,1,0,1
Poland,Equestrian,5,5,10
Poland,Fencing,4,8,12
Poland,Golf,1,0,1
Poland,Judo,2,2,4
Poland,Modern pentathlon,2,2,4
Poland,Rowing,4,2,6
Poland,Sailing,5,5,10
Poland,Shooting,2,5,7
Poland,Sport climbing,0,2,2
Poland,Swimming,13,8,21
Poland,Table tennis,1,4,5
Poland,Tennis,0,4,4
Poland,Triathlon,0,1,1
Poland,Volleyball,14,12,26
Poland,Weightlifting,0,1,1
Poland,Wrestling,3,2,5
Portugal,Athletics,9,13,22
Portugal,Breaking,0,1,1
Portugal,Canoeing,3,1,4
Portugal,Cycling,4,3,7
Portugal,Equestrian,3,2,5
Portugal,Gymnastics,1,1,2
Portugal,Judo,2,5,7
Portugal,Sailing,2,2,4
Portugal,Shooting,0,1,1
Portugal,Skateboarding,2,0,2
Portugal,Surfing,0,2,2
Portugal,Swimming,3,2,5
Portugal,Table tennis,3,2,5
Portugal,Tennis,2,0,2
Portugal,Triathlon,2,2,4
Puerto Rico,Archery,0,1,1
Puerto Rico,Athletics,3,5,8
Puerto Rico,Basketball,12,12,24
Puerto Rico,Boxing,1,1,2
Puerto Rico,Diving,0,1,1
Puerto Rico,Golf,1,0,1
Puerto Rico,Judo,1,1,2
Puerto Rico,Sailing,1,0,1
Puerto Rico,Shooting,0,1,1
Puerto Rico,Skateboarding,1,0,1
Puerto Rico,Swimming,1,1,2
Puerto Rico,Table tennis,2,1,3
Puerto Rico,Wrestling,4,0,4
Refugee Olympic Team,Athletics,6,2,8
Refugee Olympic Team,Badminton,0,1,1
Refugee Olympic Team,Boxing,1,1,2
Refugee Olympic Team,Breaking,0,1,1
Refugee Olympic Team,Canoeing,3,1,4
Refugee Olympic Team,Cycling,1,1,2
Refugee Olympic Team,Judo,3,3,6
Refugee Olympic Team,Shooting,1,1,2
Refugee Olympic Team,Swimming,2,0,2
Refugee Olympic Team,Taekwondo,4,1,5
Refugee Olympic Team,Weightlifting,1,1,2
Refugee Olympic Team,Wrestling,2,0,2
Republic of the Congo,Athletics,0,1,1
Republic of the Congo,Swimming,1,1,2
Republic of the Congo,Table tennis,1,0,1
Romania,Archery,0,1,1
Romania,Athletics,3,9,12
Romania,Boxing,0,1,1
Romania,Canoeing,3,0,3
Romania,Cycling,1,0,1
Romania,Fencing,0,1,1
Romania,Gymnastics,1,6,7
Romania,Judo,1,0,1
Romania,Rowing,22,23,45
Romania,Sailing,0,1,1
Romania,Swimming,2,1,3
Romania,Table tennis,2,3,5
Romania,Tennis,0,4,4
Romania,Triathlon,1,0,1
Romania,Water polo,13,0,13
Romania,Weightlifting,0,2,2
Romania,Wrestling,2,3,5
Rwanda,Athletics,1,1,2
Rwanda,Cycling,1,2,3
Rwanda,Fencing,0,1,1
Rwanda,Swimming,1,1,2
Saint Kitts and Nevis,Athletics,1,1,2
Saint Kitts and Nevis,Swimming,1,0,1
Saint Lucia,Athletics,1,1,2
Saint Lucia,Sailing,1,0,1
Saint Lucia,Swimming,1,0,1
Saint Vincent and the Grenadines,Athletics,1,1,2
Saint Vincent and the Grenadines,Swimming,1,1,2
Samoa,Athletics,1,0,1
Samoa,Boxing,1,0,1
Samoa,Canoeing,1,1,2
Samoa,Judo,1,0,1
Samoa,Rugby sevens,12,0,12
Samoa,Sailing,1,1,2
Samoa,Swimming,1,1,2
Samoa,Weightlifting,1,1,2
Samoa,Wrestling,1,0,1
San Marino,Archery,0,1,1
San Marino,Athletics,0,1,1
San Marino,Shooting,0,1,1
San Marino,Swimming,1,0,1
San Marino,Wrestling,1,0,1
São Tomé and Príncipe,Athletics,0,1,1
São Tomé and Príncipe,Canoeing,0,1,1
São Tomé and Príncipe,Judo,1,0,1
Saudi Arabia,Athletics,2,0,2
Saudi Arabia,Equestrian,3,0,3
Saudi Arabia,Swimming,1,1,2
Saudi Arabia,Taekwondo,0,1,1
Senegal,Athletics,2,1,3
Senegal,Canoeing,1,1,2
Senegal,Fencing,0,1,1
Senegal,Judo,1,0,1
Senegal,Swimming,1,1,2
Senegal,Table tennis,1,0,1
Senegal,Taekwondo,1,0,1
Serbia,Athletics,2,4,6
Serbia,Basketball,16,12,28
Serbia,Boxing,1,2,3
Serbia,Canoeing,4,4,8
Serbia,Cycling,1,1,2
Serbia,Judo,3,3,6
Serbia,Rowing,2,1,3
Serbia,Shooting,2,1,3
Serbia,Swimming,4,1,5
Serbia,Table tennis,0,1,1
Serbia,Taekwondo,2,1,3
Serbia,Tennis,2,0,2
Serbia,Volleyball,12,12,24
Serbia,Water polo,13,0,13
Serbia,Wrestling,5,0,5
Seychelles,Athletics,1,0,1
Seychelles,Swimming,1,1,2
Sierra Leone,Athletics,0,1,1
Sierra Leone,Judo,0,1,1
Sierra Leone,Swimming,1,1,2
Singapore,Athletics,1,1,2
Singapore,Badminton,2,2,4
Singapore,Canoeing,0,1,1
Singapore,Equestrian,0,1,1
Singapore,Fencing,0,2,2
Singapore,Golf,0,1,1
Singapore,Rowing,0,1,1
Singapore,Sailing,2,0,2
Singapore,Shooting,0,1,1
Singapore,Swimming,1,4,5
Singapore,Table tennis,1,2,3
Slovakia,Archery,0,1,1
Slovakia,Athletics,2,4,6
Slovakia,Boxing,0,1,1
Slovakia,Canoeing,2,2,4
Slovakia,Cycling,1,1,2
Slovakia,Judo,1,0,1
Slovakia,Sailing,1,0,1
Slovakia,Shooting,3,3,6
Slovakia,Skateboarding,1,0,1
Slovakia,Swimming,1,1,2
Slovakia,Table tennis,1,0,1
Slovakia,Tennis,0,1,1
Slovakia,Wrestling,1,0,1
Slovenia,Archery,1,1,2
Slovenia,Athletics,2,5,7
Slovenia,Canoeing,2,2,4
Slovenia,Cycling,4,3,7
Slovenia,Golf,0,2,2
Slovenia,Gymnastics,0,2,2
Slovenia,Handball,14,14,28
Slovenia,Judo,1,5,6
Slovenia,Rowing,1,1,2
Slovenia,Sailing,3,3,6
Slovenia,Sport climbing,1,2,3
Slovenia,Swimming,1,4,5
Slovenia,Table tennis,3,0,3
Slovenia,Taekwondo,1,0,1
Slovenia,Volleyball,12,0,12
Solomon Islands,Athletics,0,1,1
Solomon Islands,Swimming,0,1,1
Somalia,Athletics,1,0,1
South Africa,Archery,1,0,1
South Africa,Athletics,27,11,38
South Africa,Badminton,0,1,1
South Africa,Canoeing,2,3,5
South Africa,Cycling,4,4,8
South Africa,Diving,0,1,1
South Africa,Equestrian,1,0,1
South Africa,Fencing,1,0,1
South Africa,Field hockey,16,16,32
South Africa,Golf,2,2,4
South Africa,Gymnastics,0,1,1
South Africa,Judo,0,1,1
South Africa,Rowing,2,1,3
South Africa,Rugby sevens,12,12,24
South Africa,Skateboarding,2,1,3
South Africa,Sport climbing,2,2,4
South Africa,Surfing,2,1,3
South Africa,Swimming,3,5,8
South Africa,Triathlon,2,1,3
South Africa,Wrestling,1,0,1
South Korea,Archery,3,3,6
South Korea,Artistic swimming,0,2,2
South Korea,Athletics,3,0,3
South Korea,Badminton,4,8,12
South Korea,Boxing,0,2,2
South Korea,Breaking,1,0,1
South Korea,Cycling,1,1,2
South Korea,Diving,4,2,6
South Korea,Equestrian,1,0,1
South Korea,Fencing,5,6,11
South Korea,Golf,2,3,5
South Korea,Gymnastics,3,5,8
South Korea,Handball,0,14,14
South Korea,Judo,5,6,11
South Korea,Modern pentathlon,2,2,4
South Korea,Sailing,1,0,1
South Korea,Shooting,6,11,17
South Korea,Sport climbing,2,1,3
South Korea,Swimming,12,3,15
South Korea,Table tennis,3,3,6
South Korea,Taekwondo,2,2,4
South Korea,Weightlifting,3,2,5
South Korea,Wrestling,2,0,2
South Sudan,Athletics,1,1,2
South Sudan,Basketball,12,0,12
Spain,Archery,1,1,2
Spain,Artistic swimming,0,8,8
Spain,Athletics,26,32,58
Spain,Badminton,1,1,2
Spain,Basketball,12,16,28
Spain,Boxing,5,1,6
Spain,Canoeing,12,9,21
Spain,Cycling,7,2,9
Spain,Diving,2,2,4
Spain,Equestrian,8,0,8
Spain,Fencing,1,1,2
Spain,Field hockey,16,16,32
Spain,Football,18,18,36
Spain,Golf,2,2,4
Spain,Gymnastics,6,11,17
Spain,Handball,14,14,28
Spain,Judo,5,4,9
Spain,Modern pentathlon,0,1,1
Spain,Rowing,6,3,9
Spain,Sailing,6,7,13
Spain,Shooting,2,2,4
Spain,Skateboarding,2,4,6
Spain,Sport climbing,1,1,2
Spain,Surfing,1,2,3
Spain,Swimming,9,11,20
Spain,Table tennis,1,1,2
Spain,Taekwondo,2,2,4
Spain,Tennis,6,2,8
Spain,Triathlon,3,2,5
Spain,Volleyball,2,4,6
Spain,Water polo,13,13,26
Sri Lanka,Athletics,1,2,3
Sri Lanka,Badminton,1,0,1
Sri Lanka,Swimming,1,1,2
Sudan,Athletics,1,0,1
Sudan,Rowing,1,0,1
Sudan,Swimming,1,1,2
Suriname,Athletics,1,0,1
Suriname,Badminton,1,0,1
Suriname,Cycling,1,0,1
Suriname,Swimming,1,1,2
Sweden,Athletics,12,9,21
Sweden,Boxing,1,1,2
Sweden,Canoeing,2,3,5
Sweden,Cycling,1,2,3
Sweden,Diving,0,1,1
Sweden,Equestrian,4,5,9
Sweden,Golf,2,2,4
Sweden,Handball,16,15,31
Sweden,Judo,1,1,2
Sweden,Modern pentathlon,0,1,1
Sweden,Sailing,2,6,8
Sweden,Shooting,5,2,7
Sweden,Skateboarding,1,0,1
Sweden,Swimming,5,7,12
Sweden,Table tennis,3,3,6
Sweden,Triathlon,0,1,1
Sweden,Volleyball,2,0,2
Sweden,Wrestling,0,2,2
Switzerland,Athletics,11,20,31
Switzerland,Badminton,1,1,2
Switzerland,Canoeing,1,1,2
Switzerland,Cycling,7,11,18
Switzerland,Equestrian,6,3,9
Switzerland,Fencing,1,1,2
Switzerland,Golf,1,2,3
Switzerland,Gymnastics,5,1,6
Switzerland,Judo,2,1,3
Switzerland,Modern pentathlon,1,1,2
Switzerland,Rowing,12,5,17
Switzerland,Sailing,4,3,7
Switzerland,Shooting,2,4,6
Switzerland,Sport climbing,1,0,1
Switzerland,Swimming,7,1,8
Switzerland,Tennis,1,1,2
Switzerland,Triathlon,2,2,4
Switzerland,Volleyball,0,4,4
Syria,Athletics,0,1,1
Syria,Equestrian,1,0,1
Syria,Gymnastics,1,0,1
Syria,Judo,1,0,1
Syria,Swimming,1,0,1
Syria,Weightlifting,1,0,1
Chinese Taipei,Archery,3,3,6
Chinese Taipei,Athletics,3,1,4
Chinese Taipei,Badminton,4,2,6
Chinese Taipei,Boxing,2,4,6
Chinese Taipei,Breaking,1,0,1
Chinese Taipei,Canoeing,2,1,3
Chinese Taipei,Fencing,1,0,1
Chinese Taipei,Golf,2,2,4
Chinese Taipei,Gymnastics,1,1,2
Chinese Taipei,Judo,1,2,3
Chinese Taipei,Shooting,2,6,8
Chinese Taipei,Swimming,1,1,2
Chinese Taipei,Table Tennis,3,3,6
Chinese Taipei,Taekwondo,0,1,1
Chinese Taipei,Tennis,0,4,4
Chinese Taipei,Weightlifting,0,3,3
Tajikistan,Athletics,1,0,1
Tajikistan,Boxing,2,1,3
Tajikistan,Judo,6,0,6
Tajikistan,Swimming,1,1,2
Tajikistan,Taekwondo,0,1,1
Tajikistan,Wrestling,1,0,1
Tanzania,Athletics,2,2,4
Tanzania,Judo,1,0,1
Tanzania,Swimming,1,1,2
Thailand,Athletics,1,1,2
Thailand,Badminton,4,5,9
Thailand,Boxing,3,5,8
Thailand,Cycling,3,1,4
Thailand,Equestrian,0,1,1
Thailand,Golf,2,2,4
Thailand,Judo,1,0,1
Thailand,Modern pentathlon,1,0,1
Thailand,Rowing,1,0,1
Thailand,Sailing,2,2,4
Thailand,Shooting,1,2,3
Thailand,Skateboarding,0,1,1
Thailand,Swimming,1,1,2
Thailand,Table tennis,0,3,3
Thailand,Taekwondo,1,2,3
Thailand,Weightlifting,2,2,4
Togo,Athletics,0,1,1
Togo,Rowing,0,1,1
Togo,Swimming,1,1,2
Togo,Triathlon,1,0,1
Tonga,Athletics,1,0,1
Tonga,Boxing,0,1,1
Tonga,Swimming,1,1,2
Trinidad and Tobago,Athletics,7,7,14
Trinidad and Tobago,Cycling,2,0,2
Trinidad and Tobago,Swimming,1,1,2
Tunisia,Archery,0,1,1
Tunisia,Athletics,2,1,3
Tunisia,Boxing,0,1,1
Tunisia,Canoeing,2,0,2
Tunisia,Fencing,1,1,2
Tunisia,Judo,0,2,2
Tunisia,Rowing,1,2,3
Tunisia,Shooting,0,1,1
Tunisia,Swimming,1,1,2
Tunisia,Taekwondo,2,2,4
Tunisia,Tennis,1,0,1
Tunisia,Weightlifting,1,0,1
Tunisia,Wrestling,2,2,4
Turkey,Archery,3,1,4
Turkey,Athletics,10,6,16
Turkey,Badminton,0,1,1
Turkey,Boxing,2,5,7
Turkey,Cycling,1,0,1
Turkey,Fencing,1,1,2
Turkey,Gymnastics,5,0,5
Turkey,Judo,5,3,8
Turkey,Modern pentathlon,1,1,2
Turkey,Rowing,0,1,1
Turkey,Sailing,3,5,8
Turkey,Shooting,3,4,7
Turkey,Swimming,4,4,8
Turkey,Table tennis,0,1,1
Turkey,Taekwondo,2,3,5
Turkey,Volleyball,0,13,13
Turkey,Weightlifting,1,0,1
Turkey,Wrestling,6,5,11
Turkmenistan,Athletics,0,1,1
Turkmenistan,Judo,1,1,2
Turkmenistan,Swimming,1,1,2
Turkmenistan,Weightlifting,1,0,1
Tuvalu,Athletics,1,1,2
Uganda,Athletics,9,11,20
Uganda,Cycling,1,0,1
Uganda,Rowing,0,1,1
Uganda,Swimming,1,1,2
Ukraine,Archery,1,1,2
Ukraine,Artistic swimming,0,2,2
Ukraine,Athletics,11,14,25
Ukraine,Badminton,0,1,1
Ukraine,Boxing,3,0,3
Ukraine,Breaking,1,2,3
Ukraine,Canoeing,5,4,9
Ukraine,Cycling,2,2,4
Ukraine,Diving,5,4,9
Ukraine,Fencing,0,7,7
Ukraine,Football,18,0,18
Ukraine,Gymnastics,5,7,12
Ukraine,Judo,2,3,5
Ukraine,Modern pentathlon,2,1,3
Ukraine,Rowing,2,4,6
Ukraine,Shooting,4,2,6
Ukraine,Sport climbing,1,1,2
Ukraine,Swimming,4,1,5
Ukraine,Table tennis,1,2,3
Ukraine,Tennis,0,5,5
Ukraine,Weightlifting,0,1,1
Ukraine,Wrestling,5,4,9
United Arab Emirates,Athletics,0,1,1
United Arab Emirates,Cycling,0,1,1
United Arab Emirates,Equestrian,3,0,3
United Arab Emirates,Judo,5,1,6
United Arab Emirates,Swimming,1,1,2
United States,Archery,1,3,4
United States,Artistic swimming,0,8,8
United States,Athletics,59,61,120
United States,Badminton,3,4,7
United States,Basketball,16,16,32
United States,Boxing,4,4,8
United States,Breaking,2,2,4
United States,Canoeing,3,2,5
United States,Cycling,10,13,23
United States,Diving,5,6,11
United States,Equestrian,6,3,9
United States,Fencing,6,9,15
United States,Field hockey,0,16,16
United States,Football,18,18,36
United States,Golf,4,3,7
United States,Gymnastics,6,7,12
United States,Judo,2,2,4
United States,Modern pentathlon,0,1,1
United States,Rowing,18,24,42
United States,Rugby sevens,12,12,24
United States,Sailing,6,7,13
United States,Shooting,7,9,16
United States,Skateboarding,6,6,12
United States,Sport climbing,4,4,8
United States,Surfing,2,3,5
United States,Swimming,27,21,48
United States,Table tennis,1,3,4
United States,Taekwondo,2,2,4
United States,Tennis,6,5,11
United States,Triathlon,2,3,5
United States,Volleyball,16,16,32
United States,Water polo,12,12,24
United States,Weightlifting,2,3,5
United States,Wrestling,10,6,16
Uruguay,Athletics,2,1,3
Uruguay,Canoeing,1,0,1
Uruguay,Cycling,1,0,1
Uruguay,Judo,1,0,1
Uruguay,Rowing,1,0,1
Uruguay,Rugby sevens,12,0,12
Uruguay,Sailing,2,1,3
Uruguay,Swimming,1,1,2
Uruguay,Taekwondo,0,1,1
Uzbekistan,Archery,1,1,2
Uzbekistan,Athletics,2,3,5
Uzbekistan,Boxing,7,4,11
Uzbekistan,Canoeing,1,2,3
Uzbekistan,Cycling,1,2,3
Uzbekistan,Diving,1,0,1
Uzbekistan,Fencing,0,1,1
Uzbekistan,Football,18,0,18
Uzbekistan,Gymnastics,3,6,9
Uzbekistan,Judo,7,5,12
Uzbekistan,Modern pentathlon,0,1,1
Uzbekistan,Rowing,2,1,3
Uzbekistan,Swimming,1,1,2
Uzbekistan,Taekwondo,3,2,5
Uzbekistan,Weightlifting,1,2,3
Uzbekistan,Wrestling,6,1,7
Vanuatu,Athletics,0,1,1
Vanuatu,Judo,1,0,1
Vanuatu,Swimming,1,1,2
Vanuatu,Table tennis,0,1,1
Vanuatu,Weightlifting,0,1,1
Venezuela,Athletics,2,4,6
Venezuela,Boxing,1,1,2
Venezuela,Cycling,1,0,1
Venezuela,Equestrian,1,1,2
Venezuela,Fencing,4,1,5
Venezuela,Judo,0,1,1
Venezuela,Shooting,2,0,2
Venezuela,Swimming,2,1,3
Venezuela,Taekwondo,1,0,1
Venezuela,Weightlifting,2,3,5
Venezuela,Wrestling,2,3,5
Vietnam,Archery,1,1,2
Vietnam,Athletics,0,1,1
Vietnam,Badminton,1,1,2
Vietnam,Boxing,0,2,2
Vietnam,Canoeing,0,1,1
Vietnam,Cycling,0,1,1
Vietnam,Judo,0,1,1
Vietnam,Rowing,0,1,1
Vietnam,Shooting,0,2,2
Vietnam,Swimming,1,1,2
Vietnam,Weightlifting,1,0,1
Virgin Islands,Archery,1,0,1
Virgin Islands,Athletics,1,0,1
Virgin Islands,Fencing,1,0,1
Virgin Islands,Swimming,1,1,2
Yemen,Athletics,1,0,1
Yemen,Judo,1,0,1
Yemen,Shooting,0,1,1
Yemen,Swimming,1,0,1
Zambia,Athletics,4,0,4
Zambia,Boxing,1,1,2
Zambia,Football,0,18,18
Zambia,Judo,1,0,1
Zambia,Swimming,1,1,2
Zimbabwe,Athletics,3,1,4
Zimbabwe,Rowing,1,0,1
Zimbabwe,Swimming,1,1,2
