country,sport_name,event,athlete_name,medal_type,medal_code
albania,Wrestling,Men's Freestyle 65kg,Islam DUDAEV,Bronze,3
albania,Wrestling,Men's Freestyle 74kg,Chermen VALIEV,Bronze,3
algeria,Artistic Gymnastics,Women's Uneven Bars,Kaylia NEMOUR,Gold,1
algeria,Athletics,Men's 800m,Djamel SEDJATI,Bronze,3
algeria,Boxing,Women's 66kg,Imane KHELIF,Gold,1
argentina,Cycling BMX Freestyle,Men's Park,Jose TORRES GIL,Gold,1
argentina,Hockey,Women,Argentina,Bronze,3
argentina,Sailing,Mixed Multihull,MAJDALANI/BOSCO,Silver,2
armenia,Artistic Gymnastics,Men's Vault,Artur DAVTYAN,Silver,2
armenia,Weightlifting,Men's +102kg,Varazdat LALAYAN,Silver,2
armenia,Wrestling,Men's Greco-Roman 97kg,Artur ALEKSANYAN,Silver,2
armenia,Wrestling,Men's Greco-Roman 77kg,Malkhas AMOYAN,Bronze,3
australia,Athletics,Women's Pole Vault,Nina KENNEDY,Gold,1
australia,Athletics,Women's 1500m,Jessica HULL,Silver,2
australia,Athletics,Women's High Jump,Nicola OLYSLAGERS,Silver,2
australia,Athletics,Men's Discus Throw,Matthew DENNY,Bronze,3
australia,Athletics,Women's High Jump,Eleanor PATTERSON,Bronze,3
australia,Athletics,Women's 20km Race Walk,Jemima MONTAG,Bronze,3
australia,Athletics,Marathon Race Walk Relay Mixed,COWLEY R/MONTAG J,Bronze,3
australia,Basketball,Women,Australia,Bronze,3
australia,Boxing,Men's 57kg,Charlie SENIOR,Bronze,3
australia,Boxing,Women's 75kg,Caitlin PARKER,Bronze,3
australia,Canoe Slalom,Women's Kayak Single,Jessica FOX,Gold,1
australia,Canoe Slalom,Women's Canoe Single,Jessica FOX,Gold,1
australia,Canoe Slalom,Women's Kayak Cross,Noemie FOX,Gold,1
australia,Canoe Sprint,Men's Kayak Four 500m,Australia,Silver,2
australia,Canoe Sprint,Men's Kayak Double 500m,van der WE/GREEN,Bronze,3
australia,Cycling BMX Freestyle,Women's Park,Natalya DIEHM,Bronze,3
australia,Cycling BMX Racing,Women,Saya SAKAKIBARA,Gold,1
australia,Cycling Road,Women's Individual Time Trial,Grace BROWN,Gold,1
australia,Cycling Track,Men's Team Pursuit,Australia,Gold,1
australia,Cycling Track,Men's Sprint,Matthew RICHARDSON,Silver,2
australia,Cycling Track,Men's Keirin,Matthew RICHARDSON,Silver,2
australia,Cycling Track,Men's Team Sprint,Australia,Bronze,3
australia,Cycling Track,Men's Keirin,Matthew GLAETZER,Bronze,3
australia,Diving,Women's 3m Springboard,Maddison KEENEY,Silver,2
australia,Equestrian,Eventing Individual,Christopher BURTON,Silver,2
australia,Marathon Swimming,Women's 10km,Moesha JOHNSON,Silver,2
australia,Rowing,Women's Pair,MORRISON/McINTYRE,Bronze,3
australia,Sailing,Men's Dinghy,Matt WEARN,Gold,1
australia,Sailing,Men's Windsurfing,Grae MORRIS,Silver,2
australia,Shooting,Trap Women,Penny SMITH,Bronze,3
australia,Skateboarding,Women's Park,Arisa TREW,Gold,1
australia,Skateboarding,Men's Park,Keegan PALMER,Gold,1
australia,Surfing,Men,Jack ROBINSON,Silver,2
australia,Swimming,Women's 200m Freestyle,Mollie O'CALLAGHAN,Gold,1
australia,Swimming,Women's 400m Freestyle,Ariarne TITMUS,Gold,1
australia,Swimming,Women's 100m Backstroke,Kaylee McKEOWN,Gold,1
australia,Swimming,Women's 200m Backstroke,Kaylee McKEOWN,Gold,1
australia,Swimming,Women's 4 x 100m Freestyle Relay,Australia,Gold,1
australia,Swimming,Women's 4 x 200m Freestyle Relay,Australia,Gold,1
australia,Swimming,Men's 50m Freestyle,Cameron McEVOY,Gold,1
australia,Swimming,Women's 50m Freestyle,Meg HARRIS,Silver,2
australia,Swimming,Women's 200m Freestyle,Ariarne TITMUS,Silver,2
australia,Swimming,Women's 800m Freestyle,Ariarne TITMUS,Silver,2
australia,Swimming,Women's 4 x 100m Medley Relay,Australia,Silver,2
australia,Swimming,Men's 100m Freestyle,Kyle CHALMERS,Silver,2
australia,Swimming,Men's 400m Freestyle,Elijah WINNINGTON,Silver,2
australia,Swimming,Men's 200m Breaststroke,Zac STUBBLETY-COOK,Silver,2
australia,Swimming,Men's 4 x 100m Freestyle Relay,Australia,Silver,2
australia,Swimming,Women's 200m Individual Medley,Kaylee McKEOWN,Bronze,3
australia,Swimming,Men's 4 x 200m Freestyle Relay,Australia,Bronze,3
australia,Swimming,Mixed 4 x 100m Medley Relay,Australia,Bronze,3
australia,Tennis,Men's Doubles,EBDEN/PEERS,Gold,1
australia,Water Polo,Women,Australia,Silver,2
austria,Judo,Women -70 kg,Michaela POLLERES,Bronze,3
austria,Sailing,Men's Kite,Valentin BONTUS,Gold,1
austria,Sailing,Mixed Dinghy,VADLAU/MAEHR,Gold,1
austria,Sport Climbing,Women's Boulder & Lead,Jessica PILZ,Bronze,3
austria,Sport Climbing,Men's Boulder & Lead,Jakob SCHUBERT,Bronze,3
azerbaijan,Boxing,Men's 92kg,Loren Berto ALFONSO DOMINGUEZ,Silver,2
azerbaijan,Judo,Men -73 kg,Hidayat HEYDAROV,Gold,1
azerbaijan,Judo,Men -100 kg,Zelym KOTSOIEV,Gold,1
azerbaijan,Taekwondo,Men -58kg,Gashim MAGOMEDOV,Silver,2
azerbaijan,Wrestling,Men's Greco-Roman 67kg,Hasrat JAFAROV,Bronze,3
azerbaijan,Wrestling,Men's Freestyle 97kg,Magomedkhan MAGOMEDOV,Bronze,3
azerbaijan,Wrestling,Men's Freestyle 125kg,Giorgi MESHVILDISHVILI,Bronze,3
bahrain,Athletics,Women's 3000m Steeplechase,Winfred YAVI,Gold,1
bahrain,Athletics,Women's 400m,Salwa Eid NASER,Silver,2
bahrain,Weightlifting,Men's +102kg,Gor MINASYAN,Bronze,3
bahrain,Wrestling,Men's Freestyle 97kg,Akhmed TAZHUDINOV,Gold,1
belgium,Athletics,Women's Heptathlon,Nafissatou THIAM,Gold,1
belgium,Athletics,Men's Marathon,Bashir ABDI,Silver,2
belgium,Athletics,Women's Heptathlon,Noor VIDTS,Bronze,3
belgium,Cycling Road,Men's Road Race,Remco EVENEPOEL,Gold,1
belgium,Cycling Road,Men's Individual Time Trial,Remco EVENEPOEL,Gold,1
belgium,Cycling Road,Women's Road Race,Lotte KOPECKY,Bronze,3
belgium,Cycling Road,Men's Individual Time Trial,Wout van AERT,Bronze,3
belgium,Cycling Track,Men's Omnium,Fabio van den BOSSCHE,Bronze,3
belgium,Judo,Women -70 kg,Gabriella WILLEMS,Bronze,3
belgium,Taekwondo,Women -67kg,Sarah CHAARI,Bronze,3
botswana,Athletics,Men's 200m,Letsile TEBOGO,Gold,1
botswana,Athletics,Men's 4 x 400m Relay,Botswana,Silver,2
brazil,Artistic Gymnastics,Women's Floor Exercise,Rebeca ANDRADE,Gold,1
brazil,Artistic Gymnastics,Women's All-Around,Rebeca ANDRADE,Silver,2
brazil,Artistic Gymnastics,Women's Vault,Rebeca ANDRADE,Silver,2
brazil,Artistic Gymnastics,Women's Team,Brazil,Bronze,3
brazil,Athletics,Men's 20km Race Walk,Caio BONFIM,Silver,2
brazil,Athletics,Men's 400m Hurdles,Alison dos SANTOS,Bronze,3
brazil,Beach Volleyball,Women,ANA PATRICIA/DUDA,Gold,1
brazil,Boxing,Women's 60kg,Beatriz Iasmin SOARES FERREIRA,Bronze,3
brazil,Canoe Sprint,Men's Canoe Single 1000m,Isaquias QUEIROZ,Silver,2
brazil,Football,Women,Brazil,Silver,2
brazil,Judo,Women +78 kg,Beatriz SOUZA,Gold,1
brazil,Judo,Men -66 kg,Willian LIMA,Silver,2
brazil,Judo,Women -52 kg,Larissa PIMENTA,Bronze,3
brazil,Judo,Mixed Team,Brazil,Bronze,3
brazil,Skateboarding,Women's Street,Rayssa LEAL,Bronze,3
brazil,Skateboarding,Men's Park,Augusto AKIO,Bronze,3
brazil,Surfing,Women,Tatiana WESTON-WEBB,Silver,2
brazil,Surfing,Men,Gabriel MEDINA,Bronze,3
brazil,Taekwondo,Men -68kg,Edival PONTES,Bronze,3
brazil,Volleyball,Women,Brazil,Bronze,3
bulgaria,Boxing,Men's 57kg,Javier IBANEZ DIAZ,Bronze,3
bulgaria,Rhythmic Gymnastics,Individual All-Around,Boryana KALEYN,Silver,2
bulgaria,Taekwondo,Women -57kg,Alizadeh KIMIA,Bronze,3
bulgaria,Weightlifting,Men's 89kg,Karlos May NASAR,Gold,1
bulgaria,Weightlifting,Men's 73kg,Bozhidar Dimitrov ANDREEV,Bronze,3
bulgaria,Wrestling,Men's Greco-Roman 87kg,Semen Sergeevich NOVIKOV,Gold,1
bulgaria,Wrestling,Men's Freestyle 86kg,Magomed Eldarovitch RAMAZANOV,Gold,1
cabo-verde,Boxing,Men's 51kg,David de PINA,Bronze,3
canada,Athletics,Men's Hammer Throw,Ethan KATZBERG,Gold,1
canada,Athletics,Men's 4 x 100m Relay,Canada,Gold,1
canada,Athletics,Women's Hammer Throw,Camryn ROGERS,Gold,1
canada,Athletics,Men's 800m,Marco AROP,Silver,2
canada,Athletics,Women's Pole Vault,Alysha NEWMAN,Bronze,3
canada,Beach Volleyball,Women,MELISSA/BRANDIE,Silver,2
canada,Boxing,Men's 63.5kg,Wyatt SANFORD,Bronze,3
canada,Breaking,B-Boys,PHIL WIZARD,Gold,1
canada,Canoe Sprint,Women's Canoe Single 200m,Katie VINCENT,Gold,1
canada,Canoe Sprint,Women's Canoe Double 500m,MACKENZIE/VINCENT,Bronze,3
canada,Diving,Men's Synchronised 10m Platform,WIENS/ZSOMBOR-MURRAY,Bronze,3
canada,Fencing,Women's Foil Individual,Eleanor HARVEY,Bronze,3
canada,Judo,Women -57 kg,Christa DEGUCHI,Gold,1
canada,Rowing,Women's Eight,Canada,Silver,2
canada,Rugby Sevens,Women,Canada,Silver,2
canada,Swimming,Women's 200m Butterfly,Summer McINTOSH,Gold,1
canada,Swimming,Women's 200m Individual Medley,Summer McINTOSH,Gold,1
canada,Swimming,Women's 400m Individual Medley,Summer McINTOSH,Gold,1
canada,Swimming,Women's 400m Freestyle,Summer McINTOSH,Silver,2
canada,Swimming,Men's 100m Butterfly,Josh LIENDO,Silver,2
canada,Swimming,Women's 200m Backstroke,Kylie MASSE,Bronze,3
canada,Swimming,Men's 100m Butterfly,Ilya KHARUN,Bronze,3
canada,Swimming,Men's 200m Butterfly,Ilya KHARUN,Bronze,3
canada,Taekwondo,Women -57kg,Skylar PARK,Bronze,3
canada,Tennis,Mixed Doubles,DABROWSKI/AUGER-ALIAS,Bronze,3
canada,Trampoline Gymnastics,Women,Sophiane METHOT,Bronze,3
canada,Weightlifting,Women's 59kg,Maude CHARRON,Silver,2
chile,Shooting,Skeet Women,Francisca CROVETTO CHADID,Gold,1
chile,Wrestling,Men's Greco-Roman 130kg,Yasmani ACOSTA FERNANDEZ,Silver,2
colombia,Artistic Gymnastics,Men's Horizontal Bar,Angel BARAJAS,Silver,2
colombia,Weightlifting,Women's 71kg,Mari Leivis SANCHEZ,Silver,2
colombia,Weightlifting,Men's 89kg,Yeison LOPEZ,Silver,2
colombia,Wrestling,Women's Freestyle 76kg,Tatiana RENTERIA RENTERIA,Bronze,3
cote-d-ivoire,Taekwondo,Men +80kg,Cheick Sallah CISSE,Bronze,3
croatia,Athletics,Women's Discus Throw,Sandra ELKASEVIC,Bronze,3
croatia,Judo,Women -70 kg,Barbara MATIC,Gold,1
croatia,Rowing,Men's Pair,SINKOVIC/SINKOVIC,Gold,1
croatia,Shooting,10m Air Rifle Men,Miran MARICIC,Bronze,3
croatia,Taekwondo,Women -49kg,Lena STOJKOVIC,Bronze,3
croatia,Tennis,Women's Singles,Donna VEKIC,Silver,2
croatia,Water Polo,Men,Croatia,Silver,2
cuba,Boxing,Men's 63.5kg,Erislandy ALVAREZ BORGES,Gold,1
cuba,Boxing,Men's 80kg,Arlen LOPEZ CARDONA,Bronze,3
cuba,Canoe Sprint,Women's Canoe Single 200m,Yarisleidis CIRILO DUBOYS,Bronze,3
cuba,Taekwondo,Men +80kg,Rafael ALBA,Bronze,3
cuba,Wrestling,Men's Greco-Roman 130kg,Mijain LOPEZ NUNEZ,Gold,1
cuba,Wrestling,Women's Freestyle 50kg,Yusneylis GUZMAN LOPEZ,Silver,2
cuba,Wrestling,Men's Greco-Roman 67kg,Luis Alberto ORTA SANCHEZ,Bronze,3
cuba,Wrestling,Men's Greco-Roman 97kg,Gabriel Alejandro ROSILLO KINDELAN,Bronze,3
cuba,Wrestling,Women's Freestyle 76kg,Milaimy de la Carid. MARIN POTRILLE,Bronze,3
cyprus,Sailing,Men's Dinghy,Pavlos KONTIDES,Silver,2
czechia,Athletics,Women's Javelin Throw,Nikola OGRODNIKOVA,Bronze,3
czechia,Canoe Sprint,Men's Kayak Single 1000m,Josef DOSTAL,Gold,1
czechia,Canoe Sprint,Men's Canoe Single 1000m,Martin FUKSA,Gold,1
czechia,Fencing,Men's Épée Team,Czechia,Bronze,3
czechia,Tennis,Mixed Doubles,SINIAKOVA/MACHAC,Gold,1
dpr-korea,Boxing,Women's 54kg,PANG Cholmi,Bronze,3
dpr-korea,Diving,Women's Synchronised 10m Platform,JO/KIM,Silver,2
dpr-korea,Diving,Women's 10m Platform,KIM Mi Rae,Bronze,3
dpr-korea,Table Tennis,Mixed Doubles,RI/KIM,Silver,2
dpr-korea,Wrestling,Men's Greco-Roman 60kg,RI Se Ung,Bronze,3
dpr-korea,Wrestling,Women's Freestyle 53kg,CHOE Hyo Gyong,Bronze,3
denmark,Badminton,Men's Singles,Viktor AXELSEN,Gold,1
denmark,Canoe Sprint,Women's Kayak Single 500m,Emma Aastrand JORGENSEN,Bronze,3
denmark,Cycling Track,Men's Madison,LARSEN/MOERKOEV,Bronze,3
denmark,Equestrian,Dressage Team,Denmark,Silver,2
denmark,Handball,Men,Denmark,Gold,1
denmark,Handball,Women,Denmark,Bronze,3
denmark,Sailing,Women's Dinghy,Anne-Marie RINDOM,Silver,2
denmark,Taekwondo,Men -80kg,Edi HRNIC,Bronze,3
denmark,Wrestling,Men's Greco-Roman 87kg,Turpal Ali BISULTANOV,Bronze,3
dominica,Athletics,Women's Triple Jump,Thea LAFOND,Gold,1
dominican-republic,Athletics,Women's 400m,Marileidy PAULINO,Gold,1
dominican-republic,Boxing,Men's 51kg,Yunior ALCANTARA REYES,Bronze,3
dominican-republic,Boxing,Men's 80kg,Cristian Javier PINALES,Bronze,3
ecuador,Athletics,Men's 20km Race Walk,Brian Daniel PINTADO,Gold,1
ecuador,Athletics,Marathon Race Walk Relay Mixed,PINTADO B/MOREJON G,Silver,2
ecuador,Weightlifting,Women's 71kg,Angie Paola PALACIOS DAJOMES,Bronze,3
ecuador,Weightlifting,Women's 81kg,Neisi Patricia DAJOMES BARRERA,Bronze,3
ecuador,Wrestling,Women's Freestyle 53kg,Lucia Yamileth YEPEZ GUZMAN,Silver,2
egypt,Fencing,Men's Épée Individual,Mohamed ELSAYED,Bronze,3
egypt,Modern Pentathlon,Men's Individual,Ahmed ELGENDY,Gold,1
egypt,Weightlifting,Women's 81kg,Sara AHMED,Silver,2
ethiopia,Athletics,Men's Marathon,Tamirat TOLA,Gold,1
ethiopia,Athletics,"Men's 10,000m",Berihu AREGAWI,Silver,2
ethiopia,Athletics,Women's 800m,Tsige DUGUMA,Silver,2
ethiopia,Athletics,Women's Marathon,Tigst ASSEFA,Silver,2
fiji,Rugby Sevens,Men,Fiji,Silver,2
france,3x3 Basketball,Men,France,Silver,2
france,Archery,Men's Team,France,Silver,2
france,Archery,Women's Individual,Lisa BARBELIN,Bronze,3
france,Athletics,Women's 100m Hurdles,Cyrena SAMBA-MAYELA,Silver,2
france,Basketball,Men,France,Silver,2
france,Basketball,Women,France,Silver,2
france,Boxing,Men's 51kg,Billal BENNAMA,Silver,2
france,Boxing,Men's 63.5kg,Sofiane OUMIHA,Silver,2
france,Boxing,Men's +92kg,Djamili-Dini ABOUDOU MOINDZE,Bronze,3
france,Breaking,B-Boys,DANY DANN,Silver,2
france,Canoe Slalom,Men's Canoe Single,Nicolas GESTIN,Gold,1
france,Canoe Slalom,Men's Kayak Single,Titouan CASTRYCK,Silver,2
france,Canoe Slalom,Women's Kayak Cross,Angele HUG,Silver,2
france,Cycling BMX Freestyle,Men's Park,Anthony JEANJEAN,Bronze,3
france,Cycling BMX Racing,Men,Joris DAUDET,Gold,1
france,Cycling BMX Racing,Men,Sylvain ANDRE,Silver,2
france,Cycling BMX Racing,Men,Romain MAHIEU,Bronze,3
france,Cycling Mountain Bike,Women's Cross-country,Pauline FERRAND PREVOT,Gold,1
france,Cycling Mountain Bike,Men's Cross-country,Victor KORETZKY,Silver,2
france,Cycling Road,Men's Road Race,Valentin MADOUAS,Silver,2
france,Cycling Road,Men's Road Race,Christophe LAPORTE,Bronze,3
france,Cycling Track,Men's Omnium,Benjamin THOMAS,Gold,1
france,Equestrian,Eventing Team,France,Silver,2
france,Equestrian,Jumping Team,France,Bronze,3
france,Fencing,Women's Sabre Individual,Manon APITHY-BRUNET,Gold,1
france,Fencing,Women's Épée Individual,Auriane MALLO-BRETON,Silver,2
france,Fencing,Women's Sabre Individual,Sara BALZER,Silver,2
france,Fencing,Men's Épée Individual,Yannick BOREL,Silver,2
france,Fencing,Women's Épée Team,France,Silver,2
france,Fencing,Men's Foil Team,France,Bronze,3
france,Fencing,Men's Sabre Team,France,Bronze,3
france,Football,Men,France,Silver,2
france,Handball,Women,France,Silver,2
france,Judo,Men +100 kg,Teddy RINER,Gold,1
france,Judo,Mixed Team,France,Gold,1
france,Judo,Men -60 kg,Luka MKHEIDZE,Silver,2
france,Judo,Men -73 kg,Joan-Benjamin GABA,Silver,2
france,Judo,Women -48 kg,Shirine BOUKLI,Bronze,3
france,Judo,Women -52 kg,Amandine BUCHARD,Bronze,3
france,Judo,Women -57 kg,Sarah Leonie CYSIQUE,Bronze,3
france,Judo,Women -63 kg,Clarisse AGBEGNENOU,Bronze,3
france,Judo,Women +78 kg,Romane DICKO,Bronze,3
france,Judo,Men -90 kg,Maxime-Gael NGAYAP HAMBOU,Bronze,3
france,Modern Pentathlon,Women's Individual,Elodie CLOUVEL,Silver,2
france,Rugby Sevens,Men,France,Gold,1
france,Sailing,Women's Kite,Lauriane NOLOT,Silver,2
france,Sailing,Women's Skiff,STEYAERT/PICON,Bronze,3
france,Shooting,25m Pistol Women,Camille JEDRZEJEWSKI,Silver,2
france,Surfing,Men,Kauli VAAST,Gold,1
france,Surfing,Women,Johanne DEFAY,Bronze,3
france,Swimming,Men's 200m Breaststroke,Leon MARCHAND,Gold,1
france,Swimming,Men's 200m Butterfly,Leon MARCHAND,Gold,1
france,Swimming,Men's 200m Individual Medley,Leon MARCHAND,Gold,1
france,Swimming,Men's 400m Individual Medley,Leon MARCHAND,Gold,1
france,Swimming,Women's 1500m Freestyle,Anastasiia KIRPICHNIKOVA,Silver,2
france,Swimming,Men's 50m Freestyle,Florent MANAUDOU,Bronze,3
france,Swimming,Men's 4 x 100m Medley Relay,France,Bronze,3
france,Table Tennis,Men's Singles,Felix LEBRUN,Bronze,3
france,Table Tennis,Men's Team,France,Bronze,3
france,Taekwondo,Women +67kg,Althea LAURIN,Gold,1
france,Taekwondo,Men -58kg,Cyrian RAVET,Bronze,3
france,Triathlon,Women's Individual,Cassandre BEAUGRAND,Gold,1
france,Triathlon,Men's Individual,Leo BERGERE,Bronze,3
france,Volleyball,Men,France,Gold,1
georgia,Boxing,Men's 63.5kg,Lasha GURULI,Bronze,3
georgia,Judo,Men -90 kg,Lasha BEKAURI,Gold,1
georgia,Judo,Men -81 kg,Tato GRIGALASHVILI,Silver,2
georgia,Judo,Men -100 kg,Ilia SULAMANIDZE,Silver,2
georgia,Weightlifting,Men's +102kg,Lasha TALAKHADZE,Gold,1
georgia,Wrestling,Men's Freestyle 125kg,Geno PETRIASHVILI,Gold,1
georgia,Wrestling,Men's Freestyle 97kg,Givi MATCHARASHVILI,Silver,2
germany,3x3 Basketball,Women,Germany,Gold,1
germany,Archery,Mixed Team,Germany,Silver,2
germany,Athletics,Women's Shot Put,Yemisi OGUNLEYE,Gold,1
germany,Athletics,Men's Decathlon,Leo NEUGEBAUER,Silver,2
germany,Athletics,Women's Long Jump,Malaika MIHAMBO,Silver,2
germany,Athletics,Women's 4 x 100m Relay,Germany,Bronze,3
germany,Beach Volleyball,Men,EHLERS/WICKLER,Silver,2
germany,Boxing,Men's +92kg,Nelvie Raman TIAFACK,Bronze,3
germany,Canoe Slalom,Women's Canoe Single,Elena LILIK,Silver,2
germany,Canoe Slalom,Men's Kayak Cross,Noah HEGGE,Bronze,3
germany,Canoe Sprint,Men's Kayak Double 500m,SCHOPF/LEMKE,Gold,1
germany,Canoe Sprint,Men's Kayak Four 500m,Germany,Gold,1
germany,Canoe Sprint,Women's Kayak Four 500m,Germany,Silver,2
germany,Canoe Sprint,Women's Kayak Double 500m,PASZEK/HAKE,Bronze,3
germany,Cycling Track,Women's Sprint,Lea FRIEDRICH,Silver,2
germany,Cycling Track,Women's Team Sprint,Germany,Bronze,3
germany,Equestrian,Eventing Individual,Michael JUNG,Gold,1
germany,Equestrian,Dressage Team,Germany,Gold,1
germany,Equestrian,Dressage Individual,Jessica von BREDOW-WERNDL,Gold,1
germany,Equestrian,Jumping Individual,Christian KUKUK,Gold,1
germany,Equestrian,Dressage Individual,Isabell WERTH,Silver,2
germany,Football,Women,Germany,Bronze,3
germany,Golf,Women's Individual Stroke Play,Esther HENSELEIT,Silver,2
germany,Handball,Men,Germany,Silver,2
germany,Hockey,Men,Germany,Silver,2
germany,Judo,Women -70 kg,Miriam BUTKEREIT,Silver,2
germany,Marathon Swimming,Men's 10km,Oliver KLEMET,Silver,2
germany,Rhythmic Gymnastics,Individual All-Around,Darja VARFOLOMEEV,Gold,1
germany,Rowing,Men's Single Sculls,Oliver ZEIDLER,Gold,1
germany,Rowing,Women's Quadruple Sculls,Germany,Bronze,3
germany,Swimming,Men's 400m Freestyle,Lukas MAERTENS,Gold,1
germany,Swimming,Women's 1500m Freestyle,Isabel GOSE,Bronze,3
germany,Triathlon,Mixed Relay,Germany,Gold,1
great-britain,Artistic Gymnastics,Men's Floor Exercise,Jake JARMAN,Bronze,3
great-britain,Artistic Gymnastics,Men's Vault,Harry HEPWORTH,Bronze,3
great-britain,Artistic Swimming,Duet,SHORTMAN/THORPE,Silver,2
great-britain,Athletics,Women's 800m,Keely HODGKINSON,Gold,1
great-britain,Athletics,Men's 400m,Matthew HUDSON-SMITH,Silver,2
great-britain,Athletics,Men's 1500m,Josh KERR,Silver,2
great-britain,Athletics,Women's Heptathlon,Katarina JOHNSON-THOMPSON,Silver,2
great-britain,Athletics,Women's 4 x 100m Relay,Great Britain,Silver,2
great-britain,Athletics,Men's 4 x 100m Relay,Great Britain,Bronze,3
great-britain,Athletics,Men's 4 x 400m Relay,Great Britain,Bronze,3
great-britain,Athletics,Women's 1500m,Georgia BELL,Bronze,3
great-britain,Athletics,Women's 4 x 400m Relay,Great Britain,Bronze,3
great-britain,Athletics,4 x 400m Relay Mixed,Great Britain,Bronze,3
great-britain,Boxing,Men's 71kg,Lewis RICHARDSON,Bronze,3
great-britain,Canoe Slalom,Men's Canoe Single,Adam BURGESS,Silver,2
great-britain,Canoe Slalom,Men's Kayak Cross,Joseph CLARKE,Silver,2
great-britain,Canoe Slalom,Women's Kayak Single,Kimberley WOODS,Bronze,3
great-britain,Canoe Slalom,Women's Kayak Cross,Kimberley WOODS,Bronze,3
great-britain,Cycling BMX Freestyle,Men's Park,Kieran Darren David REILLY,Silver,2
great-britain,Cycling Mountain Bike,Men's Cross-country,Thomas PIDCOCK,Gold,1
great-britain,Cycling Road,Women's Individual Time Trial,Anna HENDERSON,Silver,2
great-britain,Cycling Track,Women's Team Sprint,Great Britain,Gold,1
great-britain,Cycling Track,Men's Team Sprint,Great Britain,Silver,2
great-britain,Cycling Track,Men's Team Pursuit,Great Britain,Silver,2
great-britain,Cycling Track,Women's Madison,BARKER/EVANS,Silver,2
great-britain,Cycling Track,Men's Sprint,Jack CARLIN,Bronze,3
great-britain,Cycling Track,Women's Sprint,Emma FINUCANE,Bronze,3
great-britain,Cycling Track,Women's Keirin,Emma FINUCANE,Bronze,3
great-britain,Cycling Track,Women's Team Pursuit,Great Britain,Bronze,3
great-britain,Diving,Men's Synchronised 10m Platform,DALEY/WILLIAMS,Silver,2
great-britain,Diving,Women's Synchronised 3m Springboard,HARPER/MEW JENSEN,Bronze,3
great-britain,Diving,Women's Synchronised 10m Platform,SPENDOLINI/TOULSON,Bronze,3
great-britain,Diving,Men's 10m Platform,Noah WILLIAMS,Bronze,3
great-britain,Diving,Men's Synchronised 3m Springboard,HARDING/LAUGHER,Bronze,3
great-britain,Equestrian,Eventing Team,Great Britain,Gold,1
great-britain,Equestrian,Jumping Team,Great Britain,Gold,1
great-britain,Equestrian,Eventing Individual,Laura COLLETT,Bronze,3
great-britain,Equestrian,Dressage Team,Great Britain,Bronze,3
great-britain,Equestrian,Dressage Individual,Charlotte FRY,Bronze,3
great-britain,Golf,Men's Individual Stroke Play,Tommy FLEETWOOD,Silver,2
great-britain,Rowing,Lightweight Women's Double Sculls,CRAIG/GRANT,Gold,1
great-britain,Rowing,Women's Quadruple Sculls,Great Britain,Gold,1
great-britain,Rowing,Men's Eight,Great Britain,Gold,1
great-britain,Rowing,Men's Pair,WYNNE-GRIF/GEORGE,Silver,2
great-britain,Rowing,Women's Four,Great Britain,Silver,2
great-britain,Rowing,Women's Double Sculls,HODGKINS B/WILDE,Bronze,3
great-britain,Rowing,Men's Four,Great Britain,Bronze,3
great-britain,Rowing,Women's Eight,Great Britain,Bronze,3
great-britain,Sailing,Women's Kite,Eleanor ALDRIDGE,Gold,1
great-britain,Sailing,Women's Windsurfing,Emma WILSON,Bronze,3
great-britain,Shooting,Trap Men,Nathan HALES,Gold,1
great-britain,Shooting,Skeet Women,Amber Jo RUTTER,Silver,2
great-britain,Skateboarding,Women's Park,Sky BROWN,Bronze,3
great-britain,Sport Climbing,Men's Boulder & Lead,Toby ROBERTS,Gold,1
great-britain,Swimming,Men's 4 x 200m Freestyle Relay,Great Britain,Gold,1
great-britain,Swimming,Men's 50m Freestyle,Benjamin PROUD,Silver,2
great-britain,Swimming,Men's 200m Freestyle,Matthew RICHARDS,Silver,2
great-britain,Swimming,Men's 100m Breaststroke,Adam PEATY,Silver,2
great-britain,Swimming,Men's 200m Individual Medley,Duncan SCOTT,Silver,2
great-britain,Taekwondo,Men +80kg,Caden CUNNINGHAM,Silver,2
great-britain,Trampoline Gymnastics,Women,Bryony PAGE,Gold,1
great-britain,Triathlon,Men's Individual,Alex YEE,Gold,1
great-britain,Triathlon,Women's Individual,Beth POTTER,Bronze,3
great-britain,Triathlon,Mixed Relay,Great Britain,Bronze,3
great-britain,Weightlifting,Women's +81kg,Emily CAMPBELL,Bronze,3
greece,Artistic Gymnastics,Men's Rings,Eleftherios PETROUNIAS,Bronze,3
greece,Athletics,Men's Long Jump,Miltiadis TENTOGLOU,Gold,1
greece,Athletics,Men's Pole Vault,Emmanouil KARALIS,Bronze,3
greece,Judo,Men -90 kg,Theodoros TSELIDIS,Bronze,3
greece,Rowing,Lightweight Women's Double Sculls,KONTOU/FITSIOU,Bronze,3
greece,Rowing,Lightweight Men's Double Sculls,PAPAKONSTA/GKAIDATZIS,Bronze,3
greece,Swimming,Men's 200m Backstroke,Apostolos CHRISTOU,Silver,2
greece,Wrestling,Men's Freestyle 86kg,Dauren KURUGLIEV,Bronze,3
grenada,Athletics,Men's Javelin Throw,Anderson PETERS,Bronze,3
grenada,Athletics,Men's Decathlon,Lindon VICTOR,Bronze,3
guatemala,Shooting,Trap Women,Adriana RUANO OLIVA,Gold,1
guatemala,Shooting,Trap Men,Jean Pierre BROL CARDENAS,Bronze,3
hong-kong-china,Fencing,Women's Épée Individual,KONG Man Wai Vivian,Gold,1
hong-kong-china,Fencing,Men's Foil Individual,CHEUNG Ka Long,Gold,1
hong-kong-china,Swimming,Women's 100m Freestyle,HAUGHEY Siobhan Bernadette,Bronze,3
hong-kong-china,Swimming,Women's 200m Freestyle,HAUGHEY Siobhan Bernadette,Bronze,3
hungary,Athletics,Men's Hammer Throw,Bence HALASZ,Silver,2
hungary,Canoe Sprint,Men's Kayak Single 1000m,Adam VARGA,Silver,2
hungary,Canoe Sprint,Men's Kayak Double 500m,NADAS/TOTKA,Silver,2
hungary,Canoe Sprint,Women's Kayak Single 500m,Tamara CSIPES,Silver,2
hungary,Canoe Sprint,Women's Kayak Double 500m,CSIPES/GAZSO,Silver,2
hungary,Canoe Sprint,Men's Kayak Single 1000m,Balint KOPASZ,Bronze,3
hungary,Canoe Sprint,Women's Kayak Double 500m,PUPP/FOJT,Bronze,3
hungary,Canoe Sprint,Women's Kayak Four 500m,Hungary,Bronze,3
hungary,Fencing,Men's Épée Team,Hungary,Gold,1
hungary,Fencing,Men's Sabre Team,Hungary,Silver,2
hungary,Fencing,Women's Épée Individual,Eszter MUHARI,Bronze,3
hungary,Marathon Swimming,Men's 10km,Kristof RASOVSZKY,Gold,1
hungary,Marathon Swimming,Men's 10km,David BETLEHEM,Bronze,3
hungary,Modern Pentathlon,Women's Individual,Michelle GULYAS,Gold,1
hungary,Shooting,25m Pistol Women,Veronika MAJOR,Bronze,3
hungary,Swimming,Men's 200m Backstroke,Hubert KOS,Gold,1
hungary,Swimming,Men's 100m Butterfly,Kristof MILAK,Gold,1
hungary,Swimming,Men's 200m Butterfly,Kristof MILAK,Silver,2
hungary,Taekwondo,Women -67kg,Viviana MARTON,Gold,1
india,Athletics,Men's Javelin Throw,Neeraj CHOPRA,Silver,2
india,Hockey,Men,India,Bronze,3
india,Shooting,50m Rifle 3 Positions Men,Swapnil KUSALE,Bronze,3
india,Shooting,10m Air Pistol Women,Manu BHAKER,Bronze,3
india,Shooting,10m Air Pistol Mixed Team,India 1,Bronze,3
india,Wrestling,Men's Freestyle 57kg,Aman AMAN,Bronze,3
indonesia,Badminton,Women's Singles,Gregoria Mariska TUNJUNG,Bronze,3
indonesia,Sport Climbing,Men's Speed,Veddriq LEONARDO,Gold,1
indonesia,Weightlifting,Men's 73kg,Rizki JUNIANSYAH,Gold,1
ireland,Artistic Gymnastics,Men's Pommel Horse,Rhys MC CLENAGHAN,Gold,1
ireland,Boxing,Women's 60kg,Kellie HARRINGTON,Gold,1
ireland,Rowing,Lightweight Men's Double Sculls,Mc CARTHY/O DONOVAN,Gold,1
ireland,Rowing,Men's Double Sculls,LYNCH/DOYLE,Bronze,3
ireland,Swimming,Men's 800m Freestyle,Daniel WIFFEN,Gold,1
ireland,Swimming,Women's 100m Breaststroke,Mona Mc SHARRY,Bronze,3
ireland,Swimming,Men's 1500m Freestyle,Daniel WIFFEN,Bronze,3
ir-iran,Taekwondo,Men +80kg,Arian SALIMI,Gold,1
ir-iran,Taekwondo,Men -80kg,Mehran BARKHORDARI,Silver,2
ir-iran,Taekwondo,Women -57kg,Nahid KIYANICHANDEH,Silver,2
ir-iran,Taekwondo,Women -49kg,Mobina NEMATZADEH,Bronze,3
ir-iran,Wrestling,Men's Greco-Roman 67kg,Saeid ESMAEILI LEIVESI,Gold,1
ir-iran,Wrestling,Men's Greco-Roman 97kg,Mohammadhadi SARAVI,Gold,1
ir-iran,Wrestling,Men's Greco-Roman 87kg,Alireza MOHMADIPIANI,Silver,2
ir-iran,Wrestling,Men's Freestyle 65kg,Rahman AMOUZADKHALILI,Silver,2
ir-iran,Wrestling,Men's Freestyle 86kg,Hassan YAZDANICHARATI,Silver,2
ir-iran,Wrestling,Men's Freestyle 125kg,Amir Hossein ZARE,Silver,2
ir-iran,Wrestling,Men's Greco-Roman 130kg,Amin MIRZAZADEH,Bronze,3
ir-iran,Wrestling,Men's Freestyle 97kg,Amirali AZARPIRA,Bronze,3
israel,Artistic Gymnastics,Men's Floor Exercise,Artem DOLGOPYAT,Silver,2
israel,Judo,Women -78 kg,Inbar LANIR,Silver,2
israel,Judo,Women +78 kg,Raz HERSHKO,Silver,2
israel,Judo,Men -100 kg,Peter PALTCHIK,Bronze,3
israel,Rhythmic Gymnastics,Group All-Around,Israel,Silver,2
israel,Sailing,Men's Windsurfing,Tom REUVENY,Gold,1
israel,Sailing,Women's Windsurfing,Sharon KANTOR,Silver,2
italy,Artistic Gymnastics,Women's Balance Beam,Alice D'AMATO,Gold,1
italy,Artistic Gymnastics,Women's Team,Italy,Silver,2
italy,Artistic Gymnastics,Women's Balance Beam,Manila ESPOSITO,Bronze,3
italy,Athletics,"Women's 10,000m",Nadia BATTOCLETTI,Silver,2
italy,Athletics,Men's Long Jump,Mattia FURLANI,Bronze,3
italy,Athletics,Men's Triple Jump,Andy DIAZ HERNANDEZ,Bronze,3
italy,Canoe Slalom,Men's Kayak Single,Giovanni de GENNARO,Gold,1
italy,Canoe Sprint,Men's Canoe Double 500m,CASADEI/TACCHINI,Silver,2
italy,Cycling Road,Men's Individual Time Trial,Filippo GANNA,Silver,2
italy,Cycling Track,Women's Madison,CONSONNI/GUAZZINI,Gold,1
italy,Cycling Track,Men's Madison,CONSONNI/VIVIANI,Silver,2
italy,Cycling Track,Men's Team Pursuit,Italy,Bronze,3
italy,Fencing,Women's Épée Team,Italy,Gold,1
italy,Fencing,Men's Foil Individual,Filippo MACCHI,Silver,2
italy,Fencing,Women's Foil Team,Italy,Silver,2
italy,Fencing,Men's Foil Team,Italy,Silver,2
italy,Fencing,Men's Sabre Individual,Luigi SAMELE,Bronze,3
italy,Judo,Women -78 kg,Alice BELLANDI,Gold,1
italy,Marathon Swimming,Women's 10km,Ginevra TADDEUCCI,Bronze,3
italy,Modern Pentathlon,Men's Individual,Giorgio MALAN,Bronze,3
italy,Rhythmic Gymnastics,Individual All-Around,Sofia RAFFAELI,Bronze,3
italy,Rhythmic Gymnastics,Group All-Around,Italy,Bronze,3
italy,Rowing,Lightweight Men's Double Sculls,OPPO/SOARES,Silver,2
italy,Rowing,Men's Quadruple Sculls,Italy,Silver,2
italy,Sailing,Women's Windsurfing,Marta MAGGETTI,Gold,1
italy,Sailing,Mixed Multihull,TITA/BANTI,Gold,1
italy,Shooting,Skeet Mixed Team,Italy 1,Gold,1
italy,Shooting,10m Air Pistol Men,Federico Nilo MALDINI,Silver,2
italy,Shooting,Trap Women,Silvana Maria STANCO,Silver,2
italy,Shooting,10m Air Pistol Men,Paolo MONNA,Bronze,3
italy,Swimming,Men's 100m Backstroke,Thomas CECCON,Gold,1
italy,Swimming,Men's 100m Breaststroke,Nicolo MARTINENGHI,Gold,1
italy,Swimming,Men's 1500m Freestyle,Gregorio PALTRINIERI,Silver,2
italy,Swimming,Men's 800m Freestyle,Gregorio PALTRINIERI,Bronze,3
italy,Swimming,Men's 4 x 100m Freestyle Relay,Italy,Bronze,3
italy,Taekwondo,Men -80kg,Simone ALESSIO,Bronze,3
italy,Tennis,Women's Doubles,ERRANI/PAOLINI,Gold,1
italy,Tennis,Men's Singles,Lorenzo MUSETTI,Bronze,3
italy,Volleyball,Women,Italy,Gold,1
italy,Weightlifting,Men's 89kg,Antonino PIZZOLATO,Bronze,3
jamaica,Athletics,Men's Discus Throw,Roje STONA,Gold,1
jamaica,Athletics,Men's 100m,Kishane THOMPSON,Silver,2
jamaica,Athletics,Men's Long Jump,Wayne PINNOCK,Silver,2
jamaica,Athletics,Women's Triple Jump,Shanieka RICKETTS,Silver,2
jamaica,Athletics,Men's 110m Hurdles,Rasheed BROADBELL,Bronze,3
jamaica,Athletics,Men's Shot Put,Rajindra CAMPBELL,Bronze,3
japan,Artistic Gymnastics,Men's Team,Japan,Gold,1
japan,Artistic Gymnastics,Men's All-Around,OKA Shinnosuke,Gold,1
japan,Artistic Gymnastics,Men's Horizontal Bar,OKA Shinnosuke,Gold,1
japan,Artistic Gymnastics,Men's Parallel Bars,OKA Shinnosuke,Bronze,3
japan,Athletics,Women's Javelin Throw,KITAGUCHI Haruka,Gold,1
japan,Badminton,Women's Doubles,MATSUYAMA/SHIDA,Bronze,3
japan,Badminton,Mixed Doubles,WATANABE/HIGASHINO,Bronze,3
japan,Breaking,B-Girls,AMI,Gold,1
japan,Diving,Men's 10m Platform,TAMAI Rikuto,Silver,2
japan,Equestrian,Eventing Team,Japan,Bronze,3
japan,Fencing,Men's Épée Individual,KANO Koki,Gold,1
japan,Fencing,Men's Foil Team,Japan,Gold,1
japan,Fencing,Men's Épée Team,Japan,Silver,2
japan,Fencing,Women's Foil Team,Japan,Bronze,3
japan,Fencing,Women's Sabre Team,Japan,Bronze,3
japan,Golf,Men's Individual Stroke Play,MATSUYAMA Hideki,Bronze,3
japan,Judo,Women -48 kg,TSUNODA Natsumi,Gold,1
japan,Judo,Men -66 kg,ABE Hifumi,Gold,1
japan,Judo,Men -81 kg,NAGASE Takanori,Gold,1
japan,Judo,Men -90 kg,MURAO Sanshiro,Silver,2
japan,Judo,Mixed Team,Japan,Silver,2
japan,Judo,Women -57 kg,FUNAKUBO Haruka,Bronze,3
japan,Judo,Men -60 kg,NAGAYAMA Ryuju,Bronze,3
japan,Judo,Men -73 kg,HASHIMOTO Soichi,Bronze,3
japan,Modern Pentathlon,Men's Individual,SATO Taishu,Silver,2
japan,Sailing,Mixed Dinghy,OKADA/YOSHIOKA,Silver,2
japan,Skateboarding,Women's Street,YOSHIZAWA Coco,Gold,1
japan,Skateboarding,Men's Street,HORIGOME Yuto,Gold,1
japan,Skateboarding,Women's Street,AKAMA Liz,Silver,2
japan,Skateboarding,Women's Park,HIRAKI Cocona,Silver,2
japan,Sport Climbing,Men's Boulder & Lead,ANRAKU Sorato,Silver,2
japan,Swimming,Men's 400m Individual Medley,MATSUSHITA Tomoyuki,Silver,2
japan,Table Tennis,Women's Team,Japan,Silver,2
japan,Table Tennis,Women's Singles,Hina HAYATA,Bronze,3
japan,Wrestling,Men's Greco-Roman 60kg,FUMITA Kenichiro,Gold,1
japan,Wrestling,Men's Greco-Roman 77kg,KUSAKA Nao,Gold,1
japan,Wrestling,Women's Freestyle 53kg,FUJINAMI Akari,Gold,1
japan,Wrestling,Women's Freestyle 57kg,SAKURAI Tsugumi,Gold,1
japan,Wrestling,Women's Freestyle 62kg,MOTOKI Sakura,Gold,1
japan,Wrestling,Women's Freestyle 76kg,KAGAMI Yuka,Gold,1
japan,Wrestling,Men's Freestyle 57kg,HIGUCHI Rei,Gold,1
japan,Wrestling,Men's Freestyle 65kg,KIYOOKA Kotaro,Gold,1
japan,Wrestling,Men's Freestyle 74kg,TAKATANI Daichi,Silver,2
japan,Wrestling,Women's Freestyle 50kg,SUSAKI Yui,Bronze,3
japan,Wrestling,Women's Freestyle 68kg,OZAKI Nonoka,Bronze,3
jordan,Taekwondo,Men -68kg,Zaid KAREEM,Silver,2
kazakhstan,Artistic Gymnastics,Men's Pommel Horse,Nariman KURBANOV,Silver,2
kazakhstan,Boxing,Men's 80kg,Nurbek ORALBAY,Silver,2
kazakhstan,Boxing,Women's 50kg,Nazym KYZAIBAY,Bronze,3
kazakhstan,Judo,Men -60 kg,Yeldos SMETOV,Gold,1
kazakhstan,Judo,Men -66 kg,Gusman KYRGYZBAYEV,Bronze,3
kazakhstan,Shooting,10m Air Rifle Mixed Team,Kazakhstan 1,Bronze,3
kazakhstan,Wrestling,Men's Greco-Roman 77kg,Demeu ZHADRAYEV,Silver,2
kenya,Athletics,Men's 800m,Emmanuel WANYONYI,Gold,1
kenya,Athletics,Women's 1500m,Faith KIPYEGON,Gold,1
kenya,Athletics,Women's 5000m,Beatrice CHEBET,Gold,1
kenya,Athletics,"Women's 10,000m",Beatrice CHEBET,Gold,1
kenya,Athletics,Men's 5000m,Ronald KWEMOI,Silver,2
kenya,Athletics,Women's 5000m,Faith KIPYEGON,Silver,2
kenya,Athletics,Men's Marathon,Benson KIPRUTO,Bronze,3
kenya,Athletics,Men's 3000m Steeplechase,Abraham KIBIWOT,Bronze,3
kenya,Athletics,Women's 800m,Mary MORAA,Bronze,3
kenya,Athletics,Women's Marathon,Hellen OBIRI,Bronze,3
kenya,Athletics,Women's 3000m Steeplechase,Faith CHEROTICH,Bronze,3
kosovo,Judo,Women -52 kg,Distria KRASNIQI,Silver,2
kosovo,Judo,Women -63 kg,Laura FAZLIU,Bronze,3
kyrgyzstan,Boxing,Men's 57kg,Munarbek SEIITBEK UULU,Silver,2
kyrgyzstan,Wrestling,Women's Freestyle 68kg,Meerim ZHUMANAZAROVA,Silver,2
kyrgyzstan,Wrestling,Men's Greco-Roman 60kg,Zholaman SHARSHENBEKOV,Bronze,3
kyrgyzstan,Wrestling,Men's Greco-Roman 77kg,Akzhol MAKHMUDOV,Bronze,3
kyrgyzstan,Wrestling,Men's Greco-Roman 97kg,Uzur DZHUZUPBEKOV,Bronze,3
kyrgyzstan,Wrestling,Women's Freestyle 62kg,Aisuluu TYNYBEKOVA,Bronze,3
lithuania,3x3 Basketball,Men,Lithuania,Bronze,3
lithuania,Athletics,Men's Discus Throw,Mykolas ALEKNA,Silver,2
lithuania,Breaking,B-Girls,NICKA,Silver,2
lithuania,Rowing,Women's Single Sculls,Viktorija SENKUTE,Bronze,3
malaysia,Badminton,Men's Singles,Zii Jia LEE,Bronze,3
malaysia,Badminton,Men's Doubles,CHIA/SOH,Bronze,3
mexico,Archery,Women's Team,Mexico,Bronze,3
mexico,Boxing,Men's 71kg,Marco Alonso VERDE ALVAREZ,Silver,2
mexico,Diving,Men's Synchronised 3m Springboard,CELAYA/OLVERA,Silver,2
mexico,Diving,Men's 3m Springboard,Osmar OLVERA IBARRA,Bronze,3
mexico,Judo,Women -63 kg,Prisca AWITI ALCARAZ,Silver,2
mongolia,Judo,Women -48 kg,Baasankhuu BAVUUDORJ,Silver,2
morocco,Athletics,Men's 3000m Steeplechase,Soufiane EL BAKKALI,Gold,1
morocco,Football,Men,Morocco,Bronze,3
netherlands,3x3 Basketball,Men,Netherlands,Gold,1
netherlands,Artistic Swimming,Duet,de BROUWER/de BROUWER,Bronze,3
netherlands,Athletics,Women's Marathon,Sifan HASSAN,Gold,1
netherlands,Athletics,4 x 400m Relay Mixed,Netherlands,Gold,1
netherlands,Athletics,Women's 4 x 400m Relay,Netherlands,Silver,2
netherlands,Athletics,Women's 5000m,Sifan HASSAN,Bronze,3
netherlands,Athletics,"Women's 10,000m",Sifan HASSAN,Bronze,3
netherlands,Athletics,Women's 400m Hurdles,Femke BOL,Bronze,3
netherlands,Cycling BMX Racing,Women,Manon VEENSTRA,Silver,2
netherlands,Cycling Road,Women's Road Race,Marianne VOS,Silver,2
netherlands,Cycling Track,Men's Team Sprint,Netherlands,Gold,1
netherlands,Cycling Track,Men's Sprint,Harrie LAVREYSEN,Gold,1
netherlands,Cycling Track,Men's Keirin,Harrie LAVREYSEN,Gold,1
netherlands,Cycling Track,Women's Keirin,Hetty van de WOUW,Silver,2
netherlands,Cycling Track,Women's Madison,van BELLE/van der DUI,Bronze,3
netherlands,Equestrian,Jumping Individual,Maikel van der VLEUTEN,Bronze,3
netherlands,Hockey,Men,Netherlands,Gold,1
netherlands,Hockey,Women,Netherlands,Gold,1
netherlands,Marathon Swimming,Women's 10km,Sharon van ROUWENDAAL,Gold,1
netherlands,Rowing,Women's Pair,CLEVERING/MEESTER,Gold,1
netherlands,Rowing,Women's Four,Netherlands,Gold,1
netherlands,Rowing,Women's Single Sculls,Karolien FLORIJN,Gold,1
netherlands,Rowing,Men's Quadruple Sculls,Netherlands,Gold,1
netherlands,Rowing,Men's Double Sculls,TWELLAAR/BROENINK,Silver,2
netherlands,Rowing,Women's Quadruple Sculls,Netherlands,Silver,2
netherlands,Rowing,Men's Eight,Netherlands,Silver,2
netherlands,Rowing,Men's Single Sculls,Simon van DORP,Bronze,3
netherlands,Sailing,Women's Dinghy,Marit BOUWMEESTER,Gold,1
netherlands,Sailing,Women's Skiff,AANHOLT/DUETZ,Gold,1
netherlands,Sailing,Men's Windsurfing,Luuc van OPZEELAND,Bronze,3
netherlands,Sailing,Women's Kite,Annelous LAMMERTS,Bronze,3
netherlands,Swimming,Women's 200m Breaststroke,Tes SCHOUTEN,Bronze,3
netherlands,Swimming,Men's 200m Breaststroke,Caspar CORBEAU,Bronze,3
netherlands,Water Polo,Women,Netherlands,Bronze,3
new-zealand,Athletics,Men's High Jump,Hamish KERR,Gold,1
new-zealand,Athletics,Women's Shot Put,Maddison-Lee WESCHE,Silver,2
new-zealand,Canoe Slalom,Men's Kayak Cross,Finn BUTCHER,Gold,1
new-zealand,Canoe Sprint,Women's Kayak Single 500m,Lisa CARRINGTON,Gold,1
new-zealand,Canoe Sprint,Women's Kayak Double 500m,CARRINGTON/HOSKIN,Gold,1
new-zealand,Canoe Sprint,Women's Kayak Four 500m,New Zealand,Gold,1
new-zealand,Cycling Track,Women's Sprint,Ellesse ANDREWS,Gold,1
new-zealand,Cycling Track,Women's Keirin,Ellesse ANDREWS,Gold,1
new-zealand,Cycling Track,Women's Team Sprint,New Zealand,Silver,2
new-zealand,Cycling Track,Women's Team Pursuit,New Zealand,Silver,2
new-zealand,Cycling Track,Women's Omnium,Ally WOLLASTON,Bronze,3
new-zealand,Golf,Women's Individual Stroke Play,Lydia KO,Gold,1
new-zealand,Rowing,Women's Double Sculls,FRANCIS/SPOORS,Gold,1
new-zealand,Rowing,Men's Four,New Zealand,Silver,2
new-zealand,Rowing,Women's Single Sculls,Emma TWIGG,Silver,2
new-zealand,Rowing,Women's Four,New Zealand,Bronze,3
new-zealand,Rugby Sevens,Women,New Zealand,Gold,1
new-zealand,Sailing,Men's Skiff,McHARDIE/McKENZIE,Silver,2
new-zealand,Sailing,Mixed Multihull,WILKINSON/DAWSON,Bronze,3
new-zealand,Triathlon,Men's Individual,Hayden WILDE,Silver,2
norway,Athletics,Men's 5000m,Jakob INGEBRIGTSEN,Gold,1
norway,Athletics,Men's Decathlon,Markus ROOTH,Gold,1
norway,Athletics,Men's 400m Hurdles,Karsten WARHOLM,Silver,2
norway,Beach Volleyball,Men,MOL/SORUM,Bronze,3
norway,Handball,Women,Norway,Gold,1
norway,Sailing,Women's Dinghy,Line Flem HOEST,Bronze,3
norway,Weightlifting,Women's 81kg,Solfrid Eila Amena KOANDA,Gold,1
norway,Wrestling,Women's Freestyle 62kg,Grace Jacob BULLEN,Bronze,3
pakistan,Athletics,Men's Javelin Throw,Arshad NADEEM,Gold,1
panama,Boxing,Women's 75kg,Atheyna Bibeichi BYLON,Silver,2
china,Archery,Women's Team,China,Silver,2
china,Artistic Gymnastics,Men's Rings,LIU Yang,Gold,1
china,Artistic Gymnastics,Men's Parallel Bars,ZOU Jingyuan,Gold,1
china,Artistic Gymnastics,Men's Team,China,Silver,2
china,Artistic Gymnastics,Men's All-Around,ZHANG Boheng,Silver,2
china,Artistic Gymnastics,Men's Rings,ZOU Jingyuan,Silver,2
china,Artistic Gymnastics,Women's Uneven Bars,QIU Qiyuan,Silver,2
china,Artistic Gymnastics,Women's Balance Beam,ZHOU Yaqin,Silver,2
china,Artistic Gymnastics,Men's All-Around,XIAO Ruoteng,Bronze,3
china,Artistic Gymnastics,Men's Horizontal Bar,ZHANG Boheng,Bronze,3
china,Artistic Swimming,Duet,WANG/WANG,Gold,1
china,Artistic Swimming,Team,China,Gold,1
china,Athletics,Women's 20km Race Walk,YANG Jiayu,Gold,1
china,Athletics,Women's Discus Throw,FENG Bin,Silver,2
china,Athletics,Women's Shot Put,SONG Jiayuan,Bronze,3
china,Athletics,Women's Hammer Throw,ZHAO Jie,Bronze,3
china,Badminton,Women's Doubles,CHEN/JIA,Gold,1
china,Badminton,Mixed Doubles,ZHENG/HUANG,Gold,1
china,Badminton,Women's Singles,HE Bing Jiao,Silver,2
china,Badminton,Men's Doubles,LIANG/WANG,Silver,2
china,Badminton,Women's Doubles,LIU/TAN,Silver,2
china,Boxing,Women's 50kg,WU Yu,Gold,1
china,Boxing,Women's 54kg,CHANG Yuan,Gold,1
china,Boxing,Women's 75kg,LI Qian,Gold,1
china,Boxing,Women's 60kg,YANG Wenlu,Silver,2
china,Boxing,Women's 66kg,YANG Liu,Silver,2
china,Breaking,B-Girls,671,Bronze,3
china,Canoe Sprint,Men's Canoe Double 500m,LIU/JI,Gold,1
china,Canoe Sprint,Women's Canoe Double 500m,XU/SUN,Gold,1
china,Cycling BMX Freestyle,Women's Park,DENG Yawen,Gold,1
china,Diving,Women's 3m Springboard,CHEN Yiwen,Gold,1
china,Diving,Women's 10m Platform,QUAN Hongchan,Gold,1
china,Diving,Women's Synchronised 3m Springboard,CHANG/CHEN,Gold,1
china,Diving,Women's Synchronised 10m Platform,CHEN/QUAN,Gold,1
china,Diving,Men's 3m Springboard,XIE Siyi,Gold,1
china,Diving,Men's 10m Platform,CAO Yuan,Gold,1
china,Diving,Men's Synchronised 3m Springboard,LONG/WANG,Gold,1
china,Diving,Men's Synchronised 10m Platform,LIAN/YANG,Gold,1
china,Diving,Women's 10m Platform,CHEN Yuxi,Silver,2
china,Diving,Men's 3m Springboard,WANG Zongyuan,Silver,2
china,Diving,Women's 3m Springboard,CHANG Yani,Bronze,3
china,Golf,Women's Individual Stroke Play,LIN Xiyu Janet,Bronze,3
china,Hockey,Women,China,Silver,2
china,Judo,Women -78 kg,MA Zhenzhao,Bronze,3
china,Rhythmic Gymnastics,Group All-Around,China,Gold,1
china,Shooting,10m Air Rifle Men,SHENG Lihao,Gold,1
china,Shooting,50m Rifle 3 Positions Men,LIU Yukun,Gold,1
china,Shooting,10m Air Pistol Men,XIE Yu,Gold,1
china,Shooting,25m Rapid Fire Pistol Men,LI Yuehong,Gold,1
china,Shooting,10m Air Rifle Mixed Team,China 1,Gold,1
china,Shooting,Trap Men,QI Ying,Silver,2
china,Shooting,10m Air Rifle Women,HUANG Yuting,Silver,2
china,Shooting,25m Rapid Fire Pistol Men,WANG Xinjie,Bronze,3
china,Shooting,50m Rifle 3 Positions Women,ZHANG Qiongyue,Bronze,3
china,Shooting,Skeet Mixed Team,China,Bronze,3
china,Sport Climbing,Women's Speed,DENG Lijuan,Silver,2
china,Sport Climbing,Men's Speed,WU Peng,Silver,2
china,Swimming,Men's 100m Freestyle,PAN Zhanle,Gold,1
china,Swimming,Men's 4 x 100m Medley Relay,China,Gold,1
china,Swimming,Women's 100m Breaststroke,TANG Qianting,Silver,2
china,Swimming,Men's 100m Backstroke,XU Jiayu,Silver,2
china,Swimming,Mixed 4 x 100m Medley Relay,China,Silver,2
china,Swimming,Women's 50m Freestyle,ZHANG Yufei,Bronze,3
china,Swimming,Women's 100m Butterfly,ZHANG Yufei,Bronze,3
china,Swimming,Women's 200m Butterfly,ZHANG Yufei,Bronze,3
china,Swimming,Women's 4 x 100m Freestyle Relay,China,Bronze,3
china,Swimming,Women's 4 x 200m Freestyle Relay,China,Bronze,3
china,Swimming,Women's 4 x 100m Medley Relay,China,Bronze,3
china,Swimming,Men's 200m Individual Medley,WANG Shun,Bronze,3
china,Table Tennis,Men's Singles,FAN Zhendong,Gold,1
china,Table Tennis,Women's Singles,CHEN Meng,Gold,1
china,Table Tennis,Mixed Doubles,WANG/SUN,Gold,1
china,Table Tennis,Men's Team,China,Gold,1
china,Table Tennis,Women's Team,China,Gold,1
china,Table Tennis,Women's Singles,SUN Yingsha,Silver,2
china,Taekwondo,Women -49kg,GUO Qing,Silver,2
china,Taekwondo,Men -68kg,LIANG Yushuai,Bronze,3
china,Tennis,Women's Singles,ZHENG Qinwen,Gold,1
china,Tennis,Mixed Doubles,WANG/ZHANG,Silver,2
china,Trampoline Gymnastics,Men,WANG Zisai,Silver,2
china,Trampoline Gymnastics,Men,YAN Langyu,Bronze,3
china,Weightlifting,Women's 49kg,HOU Zhihui,Gold,1
china,Weightlifting,Women's 59kg,LUO Shifang,Gold,1
china,Weightlifting,Women's +81kg,LI Wenwen,Gold,1
china,Weightlifting,Men's 61kg,LI Fabin,Gold,1
china,Weightlifting,Men's 102kg,LIU Huanhua,Gold,1
china,Wrestling,Men's Greco-Roman 60kg,CAO Liguo,Silver,2
china,Wrestling,Men's Greco-Roman 130kg,MENG Lingzhe,Bronze,3
china,Wrestling,Women's Freestyle 50kg,FENG Ziqi,Bronze,3
china,Wrestling,Women's Freestyle 53kg,PANG Qianyu,Bronze,3
china,Wrestling,Women's Freestyle 57kg,HONG Kexin,Bronze,3
peru,Sailing,Men's Dinghy,Stefano PESCHIERA,Bronze,3
philippines,Artistic Gymnastics,Men's Floor Exercise,Carlos Edriel YULO,Gold,1
philippines,Artistic Gymnastics,Men's Vault,Carlos Edriel YULO,Gold,1
philippines,Boxing,Women's 50kg,Aira VILLEGAS,Bronze,3
philippines,Boxing,Women's 57kg,Nesthy PETECIO,Bronze,3
poland,Athletics,Women's 400m,Natalia KACZMAREK,Bronze,3
poland,Boxing,Women's 57kg,Julia SZEREMETA,Silver,2
poland,Canoe Slalom,Women's Kayak Single,Klaudia ZWOLINSKA,Silver,2
poland,Cycling Track,Women's Omnium,Daria PIKULIK,Silver,2
poland,Fencing,Women's Épée Team,Poland,Bronze,3
poland,Rowing,Men's Quadruple Sculls,Poland,Bronze,3
poland,Sport Climbing,Women's Speed,Aleksandra MIROSLAW,Gold,1
poland,Sport Climbing,Women's Speed,Aleksandra KALUCKA,Bronze,3
poland,Tennis,Women's Singles,Iga SWIATEK,Bronze,3
poland,Volleyball,Men,Poland,Silver,2
portugal,Athletics,Men's Triple Jump,Pedro PICHARDO,Silver,2
portugal,Cycling Track,Men's Madison,LEITAO/OLIVEIRA,Gold,1
portugal,Cycling Track,Men's Omnium,Iuri LEITAO,Silver,2
portugal,Judo,Women -78 kg,Patricia SAMPAIO,Bronze,3
puerto-rico,Athletics,Women's 100m Hurdles,Jasmine CAMACHO-QUINN,Bronze,3
puerto-rico,Wrestling,Men's Freestyle 65kg,Sebastian C RIVERA,Bronze,3
qatar,Athletics,Men's High Jump,Mutaz Essa BARSHIM,Bronze,3
eor,Boxing,Women's 75kg,Cindy Winner DJANKEU NGAMBA,Bronze,3
korea,Archery,Men's Individual,KIM Woojin,Gold,1
korea,Archery,Women's Individual,LIM Sihyeon,Gold,1
korea,Archery,Men's Team,Korea,Gold,1
korea,Archery,Women's Team,Korea,Gold,1
korea,Archery,Mixed Team,Korea,Gold,1
korea,Archery,Women's Individual,NAM Suhyeon,Silver,2
korea,Archery,Men's Individual,LEE Wooseok,Bronze,3
korea,Badminton,Women's Singles,AN Se Young,Gold,1
korea,Badminton,Mixed Doubles,KIM/JEONG,Silver,2
korea,Boxing,Women's 54kg,IM Aeji,Bronze,3
korea,Fencing,Men's Sabre Individual,OH Sanguk,Gold,1
korea,Fencing,Men's Sabre Team,Korea,Gold,1
korea,Fencing,Women's Sabre Team,Korea,Silver,2
korea,Judo,Women -57 kg,HUH Mimi,Silver,2
korea,Judo,Men +100 kg,KIM Minjong,Silver,2
korea,Judo,Women +78 kg,KIM Hayun,Bronze,3
korea,Judo,Men -81 kg,LEE Joonhwan,Bronze,3
korea,Judo,Mixed Team,Korea,Bronze,3
korea,Modern Pentathlon,Women's Individual,SEONG Seungmin,Bronze,3
korea,Shooting,10m Air Rifle Women,BAN Hyojin,Gold,1
korea,Shooting,10m Air Pistol Women,OH Ye Jin,Gold,1
korea,Shooting,25m Pistol Women,YANG Jiin,Gold,1
korea,Shooting,25m Rapid Fire Pistol Men,CHO Yeongjae,Silver,2
korea,Shooting,10m Air Pistol Women,KIM Yeji,Silver,2
korea,Shooting,10m Air Rifle Mixed Team,Korea 1,Silver,2
korea,Swimming,Men's 400m Freestyle,KIM Woomin,Bronze,3
korea,Table Tennis,Mixed Doubles,LIM/SHIN,Bronze,3
korea,Table Tennis,Women's Team,Korea,Bronze,3
korea,Taekwondo,Men -58kg,PARK Taejoon,Gold,1
korea,Taekwondo,Women -57kg,KIM Yujin,Gold,1
korea,Taekwondo,Women +67kg,LEE Dabin,Bronze,3
korea,Weightlifting,Women's +81kg,PARK Hyejeong,Silver,2
republic-of-moldova,Canoe Sprint,Men's Canoe Single 1000m,Serghei TARNOVSCHI,Bronze,3
republic-of-moldova,Judo,Men -66 kg,Denis VIERU,Bronze,3
republic-of-moldova,Judo,Men -73 kg,Adil OSMANOV,Bronze,3
republic-of-moldova,Wrestling,Women's Freestyle 57kg,Anastasia NICHITA,Silver,2
romania,Artistic Gymnastics,Women's Floor Exercise,Ana BARBOSU,Bronze,3
romania,Rowing,Men's Double Sculls,CORNEA/ENACHE,Gold,1
romania,Rowing,Women's Eight,Romania,Gold,1
romania,Rowing,Women's Pair,VRINCEANU/ANGHEL,Silver,2
romania,Rowing,Women's Double Sculls,BODNAR/RADIS,Silver,2
romania,Rowing,Lightweight Women's Double Sculls,van GRONINGEN/COZMIUC,Silver,2
romania,Swimming,Men's 200m Freestyle,David POPOVICI,Gold,1
romania,Swimming,Men's 100m Freestyle,David POPOVICI,Bronze,3
romania,Weightlifting,Women's 49kg,Mihaela Valentina CAMBEI,Silver,2
saint-lucia,Athletics,Women's 100m,Julien ALFRED,Gold,1
saint-lucia,Athletics,Women's 200m,Julien ALFRED,Silver,2
serbia,Basketball,Men,Serbia,Bronze,3
serbia,Shooting,10m Air Pistol Mixed Team,Serbia,Gold,1
serbia,Taekwondo,Women -67kg,Aleksandra PERISIC,Silver,2
serbia,Tennis,Men's Singles,Novak DJOKOVIC,Gold,1
serbia,Water Polo,Men,Serbia,Gold,1
singapore,Sailing,Men's Kite,Maximilian MAEDER,Bronze,3
slovakia,Canoe Slalom,Men's Canoe Single,Matej BENUS,Bronze,3
slovenia,Judo,Women -63 kg,Andreja LESKI,Gold,1
slovenia,Sailing,Men's Kite,Toni VODISEK,Silver,2
slovenia,Sport Climbing,Women's Boulder & Lead,Janja GARNBRET,Gold,1
south-africa,Athletics,Men's 4 x 100m Relay,South Africa,Silver,2
south-africa,Athletics,Women's Javelin Throw,Jo-Ane van DYK,Silver,2
south-africa,Cycling Mountain Bike,Men's Cross-country,Alan HATHERLY,Bronze,3
south-africa,Rugby Sevens,Men,South Africa,Bronze,3
south-africa,Swimming,Women's 100m Breaststroke,Tatjana SMITH,Gold,1
south-africa,Swimming,Women's 200m Breaststroke,Tatjana SMITH,Silver,2
spain,3x3 Basketball,Women,Spain,Silver,2
spain,Artistic Swimming,Team,Spain,Bronze,3
spain,Athletics,Men's Triple Jump,Jordan Alejandro DIAZ FORTUN,Gold,1
spain,Athletics,Marathon Race Walk Relay Mixed,MARTIN A/PEREZ M,Gold,1
spain,Athletics,Women's 20km Race Walk,Maria PEREZ,Silver,2
spain,Athletics,Men's 20km Race Walk,Alvaro MARTIN,Bronze,3
spain,Boxing,Men's +92kg,Ayoub GHADFA DRISSI EL AISSAOUI,Silver,2
spain,Boxing,Men's 92kg,Enmanuel REYES PLA,Bronze,3
spain,Canoe Slalom,Men's Kayak Single,Pau ECHANIZ,Bronze,3
spain,Canoe Sprint,Men's Kayak Four 500m,Spain,Bronze,3
spain,Canoe Sprint,Men's Canoe Double 500m,MORENO/DOMINGUEZ,Bronze,3
spain,Football,Men,Spain,Gold,1
spain,Handball,Men,Spain,Bronze,3
spain,Judo,Men -60 kg,Francisco GARRIGOS,Bronze,3
spain,Sailing,Men's Skiff,BOTIN/TRITTEL,Gold,1
spain,Tennis,Men's Singles,Carlos ALCARAZ,Silver,2
spain,Tennis,Women's Doubles,BUCSA/SORRIBES TORMO,Bronze,3
spain,Water Polo,Women,Spain,Gold,1
sweden,Athletics,Men's Pole Vault,Armand DUPLANTIS,Gold,1
sweden,Beach Volleyball,Men,AHMAN/HELLVIG,Gold,1
sweden,Cycling Mountain Bike,Women's Cross-country,Jenny RISSVEDS,Bronze,3
sweden,Judo,Women -48 kg,Tara BABULFATH,Bronze,3
sweden,Sailing,Women's Skiff,BOBECK/NETZLER,Silver,2
sweden,Sailing,Mixed Dinghy,DAHLBERG/KARLSSON,Bronze,3
sweden,Shooting,10m Air Rifle Men,Victor LINDGREN,Silver,2
sweden,Swimming,Women's 50m Freestyle,Sarah SJOESTROEM,Gold,1
sweden,Swimming,Women's 100m Freestyle,Sarah SJOESTROEM,Gold,1
sweden,Table Tennis,Men's Singles,Truls MOREGARD,Silver,2
sweden,Table Tennis,Men's Team,Sweden,Silver,2
switzerland,Beach Volleyball,Women,HUBERLI/BRUNNER,Bronze,3
switzerland,Cycling BMX Racing,Women,Zoe CLAESSENS,Bronze,3
switzerland,Equestrian,Jumping Individual,Steve GUERDAT,Silver,2
switzerland,Rowing,Men's Pair,ROEOESLI/GULICH,Bronze,3
switzerland,Shooting,50m Rifle 3 Positions Women,Chiara LEONE,Gold,1
switzerland,Shooting,10m Air Rifle Women,Audrey GOGNIAT,Bronze,3
switzerland,Swimming,Men's 200m Backstroke,Roman MITYUKOV,Bronze,3
switzerland,Triathlon,Women's Individual,Julie DERRON,Silver,2
tajikistan,Boxing,Men's 92kg,Davlat BOLTAEV,Bronze,3
tajikistan,Judo,Men -81 kg,Somon MAKHMADBEKOV,Bronze,3
tajikistan,Judo,Men +100 kg,Temur RAKHIMOV,Bronze,3
thailand,Badminton,Men's Singles,Kunlavut VITIDSARN,Silver,2
thailand,Boxing,Women's 66kg,Janjaem SUWANNAPHENG,Bronze,3
thailand,Taekwondo,Women -49kg,Panipak WONGPATTANAKIT,Gold,1
thailand,Weightlifting,Men's 61kg,Theerapong SILACHAI,Silver,2
thailand,Weightlifting,Men's 73kg,Weeraphon WICHUMA,Silver,2
thailand,Weightlifting,Women's 49kg,Surodchana KHAMBAO,Bronze,3
chinese-taipei,Artistic Gymnastics,Men's Horizontal Bar,TANG Chia-Hung,Bronze,3
chinese-taipei,Badminton,Men's Doubles,LEE/WANG,Gold,1
chinese-taipei,Boxing,Women's 57kg,LIN Yu Ting,Gold,1
chinese-taipei,Boxing,Women's 60kg,WU Shih Yi,Bronze,3
chinese-taipei,Boxing,Women's 66kg,CHEN Nien Chin,Bronze,3
chinese-taipei,Shooting,Skeet Men,LEE Meng Yuan,Bronze,3
chinese-taipei,Weightlifting,Women's 59kg,KUO Hsing-Chun,Bronze,3
tunisia,Fencing,Men's Sabre Individual,Fares FERJANI,Silver,2
tunisia,Taekwondo,Men -80kg,Firas KATOUSSI,Gold,1
tunisia,Taekwondo,Men -58kg,Mohamed Khalil JENDOUBI,Bronze,3
turkiye,Archery,Men's Team,Türkiye,Bronze,3
turkiye,Boxing,Women's 50kg,Buse Naz CAKIROGLU,Silver,2
turkiye,Boxing,Women's 54kg,Hatice AKBAS,Silver,2
turkiye,Boxing,Women's 57kg,Esra YILDIZ KAHRAMAN,Bronze,3
turkiye,Shooting,10m Air Pistol Mixed Team,Türkiye 2,Silver,2
turkiye,Taekwondo,Women +67kg,Nafia KUS AYDIN,Bronze,3
turkiye,Wrestling,Women's Freestyle 68kg,Buse CAVUSOGLU TOSUN,Bronze,3
turkiye,Wrestling,Men's Freestyle 125kg,Taha AKGUL,Bronze,3
uganda,Athletics,"Men's 10,000m",Joshua CHEPTEGEI,Gold,1
uganda,Athletics,Women's 3000m Steeplechase,Peruth CHEMUTAI,Silver,2
ukraine,Artistic Gymnastics,Men's Parallel Bars,Illia KOVTUN,Silver,2
ukraine,Athletics,Women's High Jump,Yaroslava MAHUCHIKH,Gold,1
ukraine,Athletics,Men's Hammer Throw,Mykhaylo KOKHAN,Bronze,3
ukraine,Athletics,Women's High Jump,Iryna GERASHCHENKO,Bronze,3
ukraine,Boxing,Men's 80kg,Oleksandr KHYZHNIAK,Gold,1
ukraine,Canoe Sprint,Women's Canoe Double 500m,LUZAN/RYBACHOK,Silver,2
ukraine,Fencing,Women's Sabre Team,Ukraine,Gold,1
ukraine,Fencing,Women's Sabre Individual,Olga KHARLAN,Bronze,3
ukraine,Shooting,50m Rifle 3 Positions Men,Serhiy KULISH,Silver,2
ukraine,Wrestling,Men's Greco-Roman 67kg,Parviz NASIBOV,Silver,2
ukraine,Wrestling,Women's Freestyle 62kg,Iryna KOLIADENKO,Silver,2
ukraine,Wrestling,Men's Greco-Roman 87kg,Zhan BELENIUK,Bronze,3
united-states,3x3 Basketball,Women,United States,Bronze,3
united-states,Archery,Men's Individual,Brady ELLISON,Silver,2
united-states,Archery,Mixed Team,United States,Bronze,3
united-states,Artistic Gymnastics,Women's Team,United States,Gold,1
united-states,Artistic Gymnastics,Women's All-Around,Simone BILES,Gold,1
united-states,Artistic Gymnastics,Women's Vault,Simone BILES,Gold,1
united-states,Artistic Gymnastics,Women's Floor Exercise,Simone BILES,Silver,2
united-states,Artistic Gymnastics,Men's Team,United States,Bronze,3
united-states,Artistic Gymnastics,Men's Pommel Horse,Stephen NEDOROSCIK,Bronze,3
united-states,Artistic Gymnastics,Women's All-Around,Sunisa LEE,Bronze,3
united-states,Artistic Gymnastics,Women's Vault,Jade CAREY,Bronze,3
united-states,Artistic Gymnastics,Women's Uneven Bars,Sunisa LEE,Bronze,3
united-states,Artistic Swimming,Team,United States,Silver,2
united-states,Athletics,Men's 100m,Noah LYLES,Gold,1
united-states,Athletics,Men's 400m,Quincy HALL,Gold,1
united-states,Athletics,Men's 1500m,Cole HOCKER,Gold,1
united-states,Athletics,Men's 110m Hurdles,Grant HOLLOWAY,Gold,1
united-states,Athletics,Men's 400m Hurdles,Rai BENJAMIN,Gold,1
united-states,Athletics,Men's Shot Put,Ryan CROUSER,Gold,1
united-states,Athletics,Men's 4 x 400m Relay,United States,Gold,1
united-states,Athletics,Women's 200m,Gabrielle THOMAS,Gold,1
united-states,Athletics,Women's 100m Hurdles,Masai RUSSELL,Gold,1
united-states,Athletics,Women's 400m Hurdles,Sydney McLAUGHLIN-LEVRONE,Gold,1
united-states,Athletics,Women's Long Jump,Tara DAVIS-WOODHALL,Gold,1
united-states,Athletics,Women's Discus Throw,Valarie ALLMAN,Gold,1
united-states,Athletics,Women's 4 x 100m Relay,United States,Gold,1
united-states,Athletics,Women's 4 x 400m Relay,United States,Gold,1
united-states,Athletics,Men's 200m,Kenneth BEDNAREK,Silver,2
united-states,Athletics,Men's 3000m Steeplechase,Kenneth ROOKS,Silver,2
united-states,Athletics,Men's 110m Hurdles,Daniel ROBERTS,Silver,2
united-states,Athletics,Men's High Jump,Shelby McEWEN,Silver,2
united-states,Athletics,Men's Pole Vault,Sam KENDRICKS,Silver,2
united-states,Athletics,Men's Shot Put,Joe KOVACS,Silver,2
united-states,Athletics,Women's 100m,Sha'carri RICHARDSON,Silver,2
united-states,Athletics,Women's 400m Hurdles,Anna COCKRELL,Silver,2
united-states,Athletics,Women's Pole Vault,Katie MOON,Silver,2
united-states,Athletics,Women's Hammer Throw,Annette Nneka ECHIKUNWOKE,Silver,2
united-states,Athletics,4 x 400m Relay Mixed,United States,Silver,2
united-states,Athletics,Men's 100m,Fred KERLEY,Bronze,3
united-states,Athletics,Men's 200m,Noah LYLES,Bronze,3
united-states,Athletics,Men's 1500m,Yared NUGUSE,Bronze,3
united-states,Athletics,Men's 5000m,Grant FISHER,Bronze,3
united-states,Athletics,"Men's 10,000m",Grant FISHER,Bronze,3
united-states,Athletics,Women's 100m,Melissa JEFFERSON,Bronze,3
united-states,Athletics,Women's 200m,Brittany BROWN,Bronze,3
united-states,Athletics,Women's Long Jump,Jasmine MOORE,Bronze,3
united-states,Athletics,Women's Triple Jump,Jasmine MOORE,Bronze,3
united-states,Basketball,Men,United States,Gold,1
united-states,Basketball,Women,United States,Gold,1
united-states,Boxing,Men's 71kg,Omari JONES,Bronze,3
united-states,Breaking,B-Boys,VICTOR,Bronze,3
united-states,Canoe Slalom,Women's Canoe Single,Evy LEIBFARTH,Bronze,3
united-states,Canoe Sprint,Women's Canoe Single 200m,Nevin HARRISON,Silver,2
united-states,Cycling BMX Freestyle,Women's Park,Perris BENEGAS,Silver,2
united-states,Cycling Mountain Bike,Women's Cross-country,Haley BATTEN,Silver,2
united-states,Cycling Road,Women's Road Race,Kristen FAULKNER,Gold,1
united-states,Cycling Road,Women's Individual Time Trial,Chloe DYGERT,Bronze,3
united-states,Cycling Track,Women's Team Pursuit,United States Of Amer,Gold,1
united-states,Cycling Track,Women's Omnium,Jennifer VALENTE,Gold,1
united-states,Diving,Women's Synchronised 3m Springboard,BACON/COOK,Silver,2
united-states,Equestrian,Jumping Team,United States,Silver,2
united-states,Fencing,Women's Foil Individual,Lee KIEFER,Gold,1
united-states,Fencing,Women's Foil Team,United States,Gold,1
united-states,Fencing,Women's Foil Individual,Lauren SCRUGGS,Silver,2
united-states,Fencing,Men's Foil Individual,Nick ITKIN,Bronze,3
united-states,Football,Women,United States,Gold,1
united-states,Golf,Men's Individual Stroke Play,Scottie SCHEFFLER,Gold,1
united-states,Rowing,Men's Four,United States,Gold,1
united-states,Rowing,Men's Eight,United States,Bronze,3
united-states,Rugby Sevens,Women,United States,Bronze,3
united-states,Sailing,Men's Skiff,BARROWS/HENKEN,Bronze,3
united-states,Shooting,Skeet Men,Vincent HANCOCK,Gold,1
united-states,Shooting,Skeet Men,Conner Lynn PRINCE,Silver,2
united-states,Shooting,50m Rifle 3 Positions Women,Sagen MADDALENA,Silver,2
united-states,Shooting,Skeet Mixed Team,United States 1,Silver,2
united-states,Shooting,Skeet Women,Austen Jewell SMITH,Bronze,3
united-states,Skateboarding,Men's Street,Jagger EATON,Silver,2
united-states,Skateboarding,Men's Park,Tom SCHAAR,Silver,2
united-states,Skateboarding,Men's Street,Nyjah HUSTON,Bronze,3
united-states,Sport Climbing,Women's Boulder & Lead,Brooke RABOUTOU,Silver,2
united-states,Sport Climbing,Men's Speed,Sam WATSON,Bronze,3
united-states,Surfing,Women,Caroline MARKS,Gold,1
united-states,Swimming,Women's 800m Freestyle,Katie LEDECKY,Gold,1
united-states,Swimming,Women's 1500m Freestyle,Katie LEDECKY,Gold,1
united-states,Swimming,Women's 200m Breaststroke,Kate DOUGLASS,Gold,1
united-states,Swimming,Women's 100m Butterfly,Torri HUSKE,Gold,1
united-states,Swimming,Women's 4 x 100m Medley Relay,United States,Gold,1
united-states,Swimming,Men's 1500m Freestyle,Bobby FINKE,Gold,1
united-states,Swimming,Men's 4 x 100m Freestyle Relay,United States,Gold,1
united-states,Swimming,Mixed 4 x 100m Medley Relay,United States,Gold,1
united-states,Swimming,Women's 100m Freestyle,Torri HUSKE,Silver,2
united-states,Swimming,Women's 100m Backstroke,Regan SMITH,Silver,2
united-states,Swimming,Women's 200m Backstroke,Regan SMITH,Silver,2
united-states,Swimming,Women's 100m Butterfly,Gretchen WALSH,Silver,2
united-states,Swimming,Women's 200m Butterfly,Regan SMITH,Silver,2
united-states,Swimming,Women's 200m Individual Medley,Kate DOUGLASS,Silver,2
united-states,Swimming,Women's 400m Individual Medley,Katie GRIMES,Silver,2
united-states,Swimming,Women's 4 x 100m Freestyle Relay,United States,Silver,2
united-states,Swimming,Women's 4 x 200m Freestyle Relay,United States,Silver,2
united-states,Swimming,Men's 800m Freestyle,Bobby FINKE,Silver,2
united-states,Swimming,Men's 100m Breaststroke,Nic FINK,Silver,2
united-states,Swimming,Men's 4 x 200m Freestyle Relay,United States,Silver,2
united-states,Swimming,Men's 4 x 100m Medley Relay,United States,Silver,2
united-states,Swimming,Women's 400m Freestyle,Katie LEDECKY,Bronze,3
united-states,Swimming,Women's 800m Freestyle,Paige MADDEN,Bronze,3
united-states,Swimming,Women's 100m Backstroke,Katharine BERKOFF,Bronze,3
united-states,Swimming,Women's 400m Individual Medley,Emma WEYANT,Bronze,3
united-states,Swimming,Men's 200m Freestyle,Luke HOBSON,Bronze,3
united-states,Swimming,Men's 100m Backstroke,Ryan MURPHY,Bronze,3
united-states,Swimming,Men's 400m Individual Medley,Carson FOSTER,Bronze,3
united-states,Taekwondo,Women -67kg,Kristina TEACHOUT,Bronze,3
united-states,Tennis,Men's Doubles,KRAJICEK/RAM,Silver,2
united-states,Tennis,Men's Doubles,FRITZ/PAUL,Bronze,3
united-states,Triathlon,Mixed Relay,United States of Amer,Silver,2
united-states,Volleyball,Women,United States,Silver,2
united-states,Volleyball,Men,United States,Bronze,3
united-states,Water Polo,Men,United States,Bronze,3
united-states,Weightlifting,Women's 71kg,Olivia REEVES,Gold,1
united-states,Weightlifting,Men's 61kg,Hampton MORRIS,Bronze,3
united-states,Wrestling,Women's Freestyle 50kg,Sarah Ann HILDEBRANDT,Gold,1
united-states,Wrestling,Women's Freestyle 68kg,Amit ELOR,Gold,1
united-states,Wrestling,Women's Freestyle 76kg,Kennedy Alexis BLADES,Silver,2
united-states,Wrestling,Men's Freestyle 57kg,Spencer Richard LEE,Silver,2
united-states,Wrestling,Women's Freestyle 57kg,Helen Louise MAROULIS,Bronze,3
united-states,Wrestling,Men's Freestyle 74kg,Kyle Douglas DAKE,Bronze,3
united-states,Wrestling,Men's Freestyle 86kg,Aaron Marquel BROOKS,Bronze,3
uzbekistan,Boxing,Men's 51kg,Hasanboy DUSMATOV,Gold,1
uzbekistan,Boxing,Men's 57kg,Abdumalik KHALOKOV,Gold,1
uzbekistan,Boxing,Men's 71kg,Asadkhuja MUYDINKHUJAEV,Gold,1
uzbekistan,Boxing,Men's 92kg,Lazizbek MULLOJONOV,Gold,1
uzbekistan,Boxing,Men's +92kg,Bakhodir JALOLOV,Gold,1
uzbekistan,Judo,Women -52 kg,Diyora KELDIYOROVA,Gold,1
uzbekistan,Judo,Men -100 kg,Muzaffarbek TUROBOYEV,Bronze,3
uzbekistan,Judo,Men +100 kg,Alisher YUSUPOV,Bronze,3
uzbekistan,Taekwondo,Men -68kg,Ulugbek RASHITOV,Gold,1
uzbekistan,Taekwondo,Women +67kg,Svetlana OSIPOVA,Silver,2
uzbekistan,Weightlifting,Men's 102kg,Akbar DJURAEV,Silver,2
uzbekistan,Wrestling,Men's Freestyle 74kg,Razambek Salambekovitch JAMALOV,Gold,1
uzbekistan,Wrestling,Men's Freestyle 57kg,Gulomjon ABDULLAEV,Bronze,3
zambia,Athletics,Men's 400m,Muzala SAMUKONGA,Bronze,3
